,Immoweb Code,Prices,Locality,House Type,Area,Rooms,Kitchen,Terrace Area,Furniture,Fireplace,Garden Orientation,Garden Area,Ground Surface,Num of facades,Swimming Pool,Building State
0,Immoweb code : 8915810,From 170172€ To 460000€,Gasthuisstraat25-318970—Poperinge,Nieuwbouwproject-DeLooierij,,,,,,,,,,,,
1,Immoweb code : 8844088,From 174493€ To 441656€,1700—Dilbeek|Askfortheexactaddress,"Residentie""Newton""",,,,,,,,,,,,
2,Immoweb code : 9078670,From 175000€ To 375000€,Kerkstraat198430—Middelkerke,CentralPark,,,,,,,,,,,,
3,Immoweb code : 8932689,From 175000€ To 375000€,Kerkstraat198430—Middelkerke,CentralPark,,,,,,,,,,,,
4,Immoweb code : 8276842,From 180000€ To 290000€,AvenuedelaCroix-Rouge4500—Huy,LeCarrédesMascliers,,,,,,,,,,,,
5,Immoweb code : 8632878,From 185000€ To 315000€,Ringenhofweg852500—Lier,Newrealestateproject-Apartmentsforsale,,,,,,,,,,,,
6,Immoweb code : 9280182,From 188500€ To 240000€,4830—DOLHAIN|Askfortheexactaddress,Appartementsaupieddesremparts,,,,,,,,,,,,
7,Immoweb code : 8071747,From 192565€ To 277115€,Herentalsebaan-VanStrijdoncklaan2100—Deurne,SilsburgRetour,,,,,,,,,,,,
8,Immoweb code : 9147418,From 199000€ To 215000€,RuedeFosses825060—Arsimont,Newrealestateproject-Apartmentsforsale,,,,,,,,,,,,
9,Immoweb code : 8808982,From 199000€ To 248500€,ChausséedeRochefort1016900—MARLOIE,Résidencel'Alizé,,,,,,,,,,,,
10,Immoweb code : 9011554,From 206500€ To 276500€,Schriek2682180—Ekeren,Newrealestateproject-Apartmentsforsale,,,,,,,,,,,,
11,Immoweb code : 8781077,From 209000€ To 249000€,Leuvensesteenweg1473390—Tielt-Winge,Newrealestateproject-Apartmentsforsale,,,,,,,,,,,,
12,Immoweb code : 9053633,From 210000€ To 315000€,Diestsestraat753270—Scherpenheuvel-Zichem,Newrealestateproject-Apartmentsforsale,,,,,,,,,,,,
13,Immoweb code : 9196449,215000€,"RuedelaSécurité,1081Koekelberg,Belgique21081—Koekelberg",Apartmentforsale,114,2,Installed,,No,,,,,2,,Good
14,Immoweb code : 9257944,From 217624€ To 279430€,GrandRuedesBouchers7800—Ath,ATH-RésidenceVICTOIRE,,,,,,,,,,,,
15,Immoweb code : 9248475,220000€,Stationslaan25Box1021820—Melsbroek,Apartmentforsale,52,1,USA hyper equipped,42,No,,,,,2,,Good
16,Immoweb code : 9163050,222000€,"DokterJulesPersynplein1,1029185—Wachtebeke",Apartmentforsale,86,2,Semi equipped,,No,,,,,2,,Good
17,Immoweb code : 8685926,From 228000€ To 265000€,ChausséedeTirlemont154260—Braives,BraivesRésidenceMagritt,,,,,,,,,,,,
18,Immoweb code : 9258402,230000€,AvenuedesTamaris43BoxH41080—Molenbeek-Saint-Jean,Apartmentforsale,109,2,Installed,15,No,,,,,,,As new
19,Immoweb code : 9202964,235000€,Merellaan16Box10012930—Brasschaat,Apartmentforsale,88,2,Installed,9,No,,,,,,,Just renovated
20,Immoweb code : 9258692,235000€,Vlindersstraat153500—Hasselt,Apartmentforsale,106,3,Semi equipped,,No,1,1,,,3,,To renovate
21,Immoweb code : 8905722,From 235000€ To 275000€,RuedesScailtons6880—Bertrix,ChampsMorais2,,,,,,,,,,,,
22,Immoweb code : 9216964,From 235897€ To 409184€,3020—Herent|Askfortheexactaddress,Mechelsesteenweg475Herent,,,,,,,,,,,,
23,Immoweb code : 9276115,239000€,Ringlaan582170—Merksem,Apartmentforsale,100,2,Semi equipped,22,No,,,,,2,,As new
24,Immoweb code : 9258411,240000€,BoulevardLouisMettewie68BoxC81080—Molenbeek-Saint-Jean,Penthouseforsale,95,2,Installed,16,No,,,,,,,As new
25,Immoweb code : 9263603,From 240000€ To 365000€,Laar932180—Ekeren,Newrealestateproject-Apartmentsforsale,,,,,,,,,,,,
26,Immoweb code : 7911764,From 240000€ To 260000€,Westendelaan28430—Middelkerke,FAUCON,,,,,,,,,,,,
27,Immoweb code : 7547300,From 243225€ To 253575€,Kerkstraat49190—Stekene,Stekene:ResidentieKLOOSTERHOF,,,,,,,,,,,,
28,Immoweb code : 9241195,244000€,Herseltsesteenweg1593200—Aarschot,Newrealestateproject-Apartmentsforsale,,,,,,,,,,,,
29,Immoweb code : 9236125,246000€,Golfstraat178660—DePanne,Apartmentforsale,71,2,Installed,,Yes,,,,,3,,Good
30,Immoweb code : 9256631,249000€,JozefVanElewijckstraat88/b181853—Strombeek-Bever,Apartmentforsale,92,2,Semi equipped,21,No,,,,,2,No,Good
31,Immoweb code : 9213545,249500€,Roodborstjesstraat79032—Wondelgem,Apartmentforsale,75,2,Installed,,No,,,,,2,,Good
32,Immoweb code : 8690537,From 250000€ To 399000€,1500—Halle|Askfortheexactaddress,RESIDENTIESEQUOIA,,,,,,,,,,,,
33,Immoweb code : 9264043,From 289800€ To 414404€,MaxHavelaarplein3111—Wezemaal,Newrealestateproject-Apartmentsforsale,,,,,,,,,,,,
34,Immoweb code : 9317757,219000€,WillemHerreynsstraat26Box12650—Edegem,Apartmentforsale,79,2,Installed,,No,,,,,3,,Just renovated
35,Immoweb code : 9317784,229000€,"ErnestClaesstraat8,F2260—Westerlo",Duplexforsale,90,3,Hyper equipped,5,No,,,,,4,,Good
36,Immoweb code : 9316617,245000€,AvenueReineAstrid1701780—Wemmel,Apartmentforsale,100,2,USA hyper equipped,3,,,,,,,,
37,Immoweb code : 9317562,249000€,Kiezelweg158Box22400—Mol,Apartmentforsale,90,2,Hyper equipped,,No,,,,,2,,As new
38,Immoweb code : 9305859,225000€,Bergensesteenweg501Box31500—Halle,Apartmentforsale,110,2,Installed,,No,,,,,2,,Good
39,Immoweb code : 8685932,From 250000€ To 265000€,4280—Hannut|Askfortheexactaddress,BraivesRésidenceMagritt,,,,,,,,,,,,
40,Immoweb code : 8685938,From 250000€ To 265000€,4300—Waremme|Askfortheexactaddress,BraivesRésidenceMagritt,,,,,,,,,,,,
41,Immoweb code : 9291432,214000€,Turnhoutsebaan299Box32100—Deurne,Apartmentforsale,115,2,Semi equipped,2,No,,,,,3,,Good
42,Immoweb code : 9214109,215000€,Wilgenlaan361861—Wolvertem,Apartmentforsale,60,1,USA hyper equipped,,No,,,,,2,No,As new
43,Immoweb code : 9282830,215000€,"Maskensstraat4,1.12235—Hulshout",Apartmentforsale,78,2,Semi equipped,,No,,,,,,,Good
44,Immoweb code : 9151045,235000€,BoulevardSylvainDupuis229A1070—Anderlecht,Apartmentforsale,113,3,Installed,12,No,,,,,3,No,Good
45,Immoweb code : 9162485,244000€,Paardenmarkt110Boxc2000—Antwerp,Apartmentforsale,80,2,Semi equipped,2,No,,,,,2,,Just renovated
46,Immoweb code : 9284689,245000€,AvenuedeCortenbergh1341000—Bruxelles,Apartmentforsale,80,2,Installed,5,No,,,,,3,No,Good
47,Immoweb code : 9258449,245000€,RueFosséauxSables35BoxB311420—Braine-l'Alleud,Apartmentforsale,120,2,Installed,1,No,,,,,,,As new
48,Immoweb code : 9270391,249000€,KoningAlbertstraat58Box52547—Lint,Apartmentforsale,125,3,Semi equipped,21,No,,,,,2,,Good
49,Immoweb code : 9294358,249000€,Sittardstraat6bus53840—Borgloon,Apartmentforsale,122,2,Installed,,No,,,,,2,,Good
50,Immoweb code : 9317516,239000€,Xantenstraat16BoxA2440—Geel,Apartmentforsale,78,2,Installed,24,No,,,,,,,
51,Immoweb code : 9251770,204000€,rueJuliend'Andrimont9/1014000—LIEGE1,Apartmentforsale,81,2,Installed,7,,,,,,2,,Good
52,Immoweb code : 9275551,215000€,DeRoestd'Alkemadelaan12Box562600—Berchem,Apartmentforsale,90,2,Installed,12,No,,,,,4,,Good
53,Immoweb code : 9126110,238000€,"KolonelAertsplein5,113680—Maaseik",Apartmentforsale,96,2,Installed,,No,,,,,2,,Good
54,Immoweb code : 9272412,239000€,Tijdokstraat16Box518380—Zeebrugge,Apartmentforsale,70,1,Installed,55,No,,,,,2,,Good
55,Immoweb code : 9311595,239000€,Tweedekkerstraat1801130—BrusselsCity,Penthouseforsale,,1,Installed,,Yes,,,,,4,,As new
56,Immoweb code : 9304812,235000€,Fruithoflaan105Box9i2600—Berchem,Apartmentforsale,92,2,Installed,,No,,,,,,,To be done up
57,Immoweb code : 9317567,209500€,Geelsebaan76Box22460—Kasterlee,Groundfloorforsale,86,1,Hyper equipped,,No,,,,,2,,As new
58,Immoweb code : 9317517,210000€,De-Billemontstraat172440—Geel,Apartmentforsale,80,2,Hyper equipped,,No,,,,,,,Good
59,Immoweb code : 9316199,239500€,4620—Fléron|Askfortheexactaddress,Duplexforsale,141,3,USA installed,5,No,,,,,2,No,Good
60,Immoweb code : 9317698,249000€,AugustScheyvaertslaan712180—Ekeren,Duplexforsale,256,5,Semi equipped,4,No,,,,,2,,To renovate
61,Immoweb code : 9251782,209000€,RuedeHottleux112Box1/14950—Waimes,Apartmentforsale,100,2,,13,No,,,,,2,,As new
62,Immoweb code : 9253127,225000€,Antwerpsesteenweg218Box122350—Vosselaar,Serviceflatforsale,80,1,Hyper equipped,,No,,,,,,,As new
63,Immoweb code : 9258423,235000€,AvenueFrancoisSebrecht65Box51080—Molenbeek-Saint-Jean,Apartmentforsale,98,2,Installed,4,No,,,,,,,As new
64,Immoweb code : 9151226,249000€,Overwinningstraat165Box2062830—Willebroek,Apartmentforsale,80,1,,8,No,,,,,2,,Good
65,Immoweb code : 9203165,220000€,"Jodenstraat2,2012270—Herenthout",Penthouseforsale,62,1,USA hyper equipped,10,No,,,,,2,,
66,Immoweb code : 9276183,214000€,Kerkstraat37Box19570—DEFTINGE,Groundfloorforsale,95,1,Installed,16,No,,,,,3,,Good
67,Immoweb code : 9233618,214000€,Kerkstraat37Box19570—DEFTINGE,Apartmentforsale,95,1,Installed,16,No,,,,,3,,Good
68,Immoweb code : 9291789,215000€,Luikersteenweg549/1023800—SINT-TRUIDEN,Apartmentforsale,100,2,Installed,12,No,,,,,2,,Good
69,Immoweb code : 9271626,215000€,Nieuwstadpoort7BBox0023960—Bree,Apartmentforsale,74,1,Installed,16,No,,,,,,,Good
70,Immoweb code : 9264935,216000€,HUIDEVETTERSSTRAAT40Box5052000—Antwerp,Apartmentforsale,60,1,Installed,,Yes,,,,,2,,Good
71,Immoweb code : 9031444,219000€,Dijkstraat10BoxA9960—Assenede,Apartmentforsale,130,3,Semi equipped,78,No,,,,,2,,Good
72,Immoweb code : 9254838,225000€,FerdinandVerbieststraat47Box112180—Ekeren,Apartmentforsale,80,2,Semi equipped,12,No,,,,,3,,To be done up
73,Immoweb code : 9242298,225000€,Mechelsesteenweg1532640—Mortsel,Apartmentforsale,95,2,Semi equipped,,No,,,,,4,,Good
74,Immoweb code : 9229888,225000€,EssexScottishlaan90Box01068434—WESTENDE-BAD,Apartmentforsale,52,2,Installed,,No,,,,,2,,Good
75,Immoweb code : 9261380,230000€,BoulevardMettewie91080—MOLENBEEK-SAINT-JEAN,Apartmentforsale,114,2,USA hyper equipped,13,,,,,,4,,Just renovated
76,Immoweb code : 9195816,235000€,Leopoldlaan3048430—Middelkerke,Apartmentforsale,66,2,Installed,,Yes,,,,,,,Good
77,Immoweb code : 9166254,237000€,Hendrikvanveldekesingel17Box2.023500—Hasselt,Apartmentforsale,82,2,Hyper equipped,11,No,,,,,,,As new
78,Immoweb code : 9231866,249000€,Langstraat522140—Borgerhout,Apartmentforsale,100,3,Installed,,,,,,,,,Just renovated
79,Immoweb code : 9270737,249000€,Vrijheidsstraat48Box22850—Boom,Apartmentforsale,170,2,Installed,25,No,,,,,2,,Good
80,Immoweb code : 9176666,249000€,Troonstraat33/04018400—Oostende,Apartmentforsale,,2,Installed,,Yes,,,,,2,No,As new
81,Immoweb code : 9258813,250000€,Ternesselei320BoxGlv2160—Wommelgem,Groundfloorforsale,84,2,Installed,,No,,,,,,,As new
82,Immoweb code : 9277103,215000€,RueGeorgesSmal44520—Wanze,Apartmentforsale,88,2,,6,No,,,,,3,,As new
83,Immoweb code : 9308736,249000€,Ruedumoulin55Box234400—Ivoz-Ramet,Apartmentforsale,127,2,Installed,15,Yes,,,,,4,No,As new
84,Immoweb code : 9317771,215000€,PolHeynsstraat10Box03022200—Herentals,Apartmentforsale,115,2,,,No,,,,,,,As new
85,Immoweb code : 9317569,242000€,Warandestraat10Box132300—Turnhout,Apartmentforsale,73,1,,,No,,,,,4,,
86,Immoweb code : 9249668,224000€,LangeHerentalsestraat14Box02012018—Antwerp,Apartmentforsale,57,1,Semi equipped,20,No,,,,,2,,As new
87,Immoweb code : 9258435,230000€,AvenueFrancoisSebrecht63Box281080—Molenbeek-Saint-Jean,Apartmentforsale,92,2,Installed,8,No,,,,,,,As new
88,Immoweb code : 9295215,220000€,AvenueVanOverbeke200Box6D1083—Ganshoren,Apartmentforsale,98,2,Installed,,,,,,,,No,To be done up
89,Immoweb code : 9296217,220000€,Gasthuisstraat732440—Geel,Apartmentforsale,100,2,Installed,,No,,,,,2,,Good
90,Immoweb code : 9294911,225000€,Pottersdreef20Box39170—SINT-GILLIS-WAAS,Duplexforsale,100,3,Installed,5,No,,,,,2,,Good
91,Immoweb code : 9313776,240000€,1080—Molenbeek-Saint-Jean|Askfortheexactaddress,Apartmentforsale,86,2,Hyper equipped,6,No,,,,,2,No,As new
92,Immoweb code : 8595842,239500€,RouteCharlemagne142BoxLot44841—Henri-Chapelle,Apartmentforsale,120,2,,13,No,,,,,4,,
93,Immoweb code : 9312525,235000€,1083—Ganshoren|Askfortheexactaddress,Apartmentforsale,100,2,Semi equipped,3,No,,,,,2,No,To be done up
94,Immoweb code : 9317699,249000€,Hoogboomsteenweg1902950—Kapellen,Groundfloorforsale,81,1,Installed,19,No,,,80,,2,,Good
95,Immoweb code : 9047278,225000€,Leopoldlaan89Box07018430—Middelkerke,Apartmentforsale,89,2,Installed,,No,,,,,2,,Good
96,Immoweb code : 9037615,225000€,Leopoldlaan89Box07018430—Middelkerke,Duplexforsale,89,2,Installed,,No,,,,,2,,Good
97,Immoweb code : 9255110,229000€,RueEgideWalschaerts231060—Saint-Gilles,Apartmentforsale,80,2,Semi equipped,,,,,,,2,No,To renovate
98,Immoweb code : 9216788,235000€,Leopoldlaan3048430—Middelkerke,Apartmentforsale,60,2,Not installed,,No,,,,,2,,
99,Immoweb code : 9166147,239000€,Egenhovenweg51Box413001—Leuven,Apartmentforsale,50,1,,,No,,,,,,,Good
100,Immoweb code : 9137776,244000€,Singellaan27Box43545—Halen,Duplexforsale,90,2,Hyper equipped,,No,,,,,3,,Good
101,Immoweb code : 9265801,249000€,"Sint-Martinusstraat1,D2260—Westerlo",Apartmentforsale,115,3,,,No,,,,,,,Good
102,Immoweb code : 9248217,249000€,OudeVaartstraat36Box62300—Turnhout,Apartmentforsale,156,3,Installed,7,No,,,,,2,,Good
103,Immoweb code : 9250216,249000€,Groenbrugstraat159000—Gent,Apartmentforsale,85,2,Semi equipped,,No,,,,,2,,To be done up
104,Immoweb code : 9279468,213000€,Graethempoort7A-D143840—Borgloon,Serviceflatforsale,65,1,Installed,6,No,,,,,4,,
105,Immoweb code : 9279467,213000€,Graethempoort7A-D143840—Borgloon,Serviceflatforsale,65,1,Installed,6,No,,,,,4,,
106,Immoweb code : 9082738,225000€,Grand-route2014347—Fexhele-Haut-Clocher,Apartmentforsale,104,2,Installed,,No,,,,,4,No,
107,Immoweb code : 9082736,225000€,Grand-route2014347—Fexhele-Haut-Clocher,Apartmentforsale,104,2,Installed,,No,,,,,4,No,
108,Immoweb code : 9262645,227000€,Kiezelweg150-1562400—Mol,Apartmentforsale,96,2,USA hyper equipped,9,No,,,,,4,,
109,Immoweb code : 9243953,228000€,Kiezelweg150-1562400—LIMAL,Apartmentforsale,95,2,USA hyper equipped,9,No,,,,,4,,
110,Immoweb code : 9082743,240000€,Grand-route2014347—Fexhele-Haut-Clocher,Apartmentforsale,104,2,Installed,,No,,,,,4,No,
111,Immoweb code : 9082741,240000€,Grand-route2014347—Fexhele-Haut-Clocher,Apartmentforsale,104,2,Installed,,No,,,,,3,No,
112,Immoweb code : 9302555,249000€,1000—BRUXELLES|Askfortheexactaddress,Apartmentforsale,65,2,Hyper equipped,,,,,,,2,,Good
113,Immoweb code : 9300849,249000€,"PolHeynsstraat6,22200—Herentals",Apartmentforsale,115,2,Hyper equipped,,No,,,,,2,,Good
114,Immoweb code : 9309946,249000€,"Langstraat2,B2260—TONGERLO",Apartmentforsale,94,2,Semi equipped,32,No,,,60,,,,
115,Immoweb code : 9298576,224000€,9200—Dendermonde|Askfortheexactaddress,Apartmentforsale,108,2,Installed,13,No,,,,,,,Good
116,Immoweb code : 9294466,237000€,Aarschotsesteenweg1953111—Wezemaal,Apartmentforsale,75,2,Installed,8,No,,,,,3,,
117,Immoweb code : 9293267,246500€,Statieplein208570—Anzegem,Apartmentforsale,94,2,Hyper equipped,6,No,,,,,2,,As new
118,Immoweb code : 9249136,214500€,Geelsebaan76BoxA32460—Kasterlee,Groundfloorforsale,85,2,Hyper equipped,12,No,,,,,2,,As new
119,Immoweb code : 9249202,220000€,"Stationsstraat8,1.22200—Herentals",Apartmentforsale,61,1,USA hyper equipped,10,No,,,,,4,,As new
120,Immoweb code : 9205524,220000€,Dijk38BoxE0132861—Sint-Katelijne-WaverOnze-Lieve-Vrouw-Waver,Apartmentforsale,65,1,Hyper equipped,,No,,,,,2,,As new
121,Immoweb code : 9258414,225000€,RuedeTrèves100Box1.021000—Bruxelles,Studioforsale,35,,Hyper equipped,,No,,,,,,,As new
122,Immoweb code : 9194089,225000€,"Heerlijkheidsstraat1,V1130—BrusselsCity",Loftforsale,84,2,Installed,,No,,,,,,,Good
123,Immoweb code : 9051574,234000€,Groenestraat26Box18210—Zedelgem,Duplexforsale,95,2,Hyper equipped,,No,,,,,,,As new
124,Immoweb code : 9241314,235000€,KoningAlbertstraat108Box41785—Merchtem,Apartmentforsale,113,2,Installed,,No,,,,,,No,Good
125,Immoweb code : 9261213,245000€,ChausseedeLouvain3531030—Schaerbeek,Apartmentforsale,76,1,Hyper equipped,,No,,,,,2,No,As new
126,Immoweb code : 9217022,249000€,Goethehelling28420—DeHaan,Apartmentforsale,72,1,,,,,,,,,Yes,To be done up
127,Immoweb code : 9208216,250000€,Lageweg1922660—Hoboken,Apartmentforsale,85,2,Installed,,No,,,30,,3,,As new
128,Immoweb code : 9164426,250000€,EssexScottishlaan86-90Box00058434—WESTENDE-BAD,Apartmentforsale,64,2,Installed,,No,,,,,2,,Good
129,Immoweb code : 9163657,250000€,EssexScottishlaan86-90Box00058434—WESTENDE-BAD,Groundfloorforsale,64,2,Installed,,No,,,,,2,,Good
130,Immoweb code : 9297852,210000€,1020—BrusselsCity|Askfortheexactaddress,Apartmentforsale,85,2,Semi equipped,19,No,,,,,2,,Good
131,Immoweb code : 9241870,220000€,Tramstraat742300—Turnhout,Apartmentforsale,89,1,USA installed,13,No,,,,,3,,
132,Immoweb code : 9220669,221800€,KoningAlbertI-Laan438370—Blankenberge,Apartmentforsale,70,1,Installed,6,No,,,,,4,,
133,Immoweb code : 9017851,222727€,RuePaulDebraz24020—Jupille,Apartmentforsale,84,2,,12,,,,,,1,,As new
134,Immoweb code : 9017843,222727€,RuePaulDebraz24020—Jupille,Apartmentforsale,84,2,,12,,,,,,1,,As new
135,Immoweb code : 9017846,235000€,RuePaulDebraz24020—Jupille,Apartmentforsale,98,2,,11,,,,,,3,,As new
136,Immoweb code : 9017852,243636€,RuePaulDebraz24020—Jupille,Apartmentforsale,96,2,,11,,,,,,2,,As new
137,Immoweb code : 9017844,244545€,RuePaulDebraz24020—Jupille,Apartmentforsale,97,2,,11,,,,,,2,,As new
138,Immoweb code : 9214325,From 139000€ To 269000€,GraafJansstraat48434—Middelkerke,Newrealestateproject-Apartmentsforsale,,,,,,,,,,,,
139,Immoweb code : 8006766,From 169500€ To 326223€,4520—Wanze|Askfortheexactaddress,LaCourneuve,,,,,,,,,,,,
140,Immoweb code : 9267607,From 181559€ To 223808€,4041—Vottem|Askfortheexactaddress,"Vottem""LavalléedesCotîresses""",,,,,,,,,,,,
141,Immoweb code : 9270295,From 181807€ To 284765€,4020—WANDRE|Askfortheexactaddress,Newrealestateproject-Apartmentsforsale,,,,,,,,,,,,
142,Immoweb code : 9175325,From 203500€ To 335000€,Veltwijcklaan2422180—Ekeren,Newrealestateproject-Apartmentsforsale,,,,,,,,,,,,
143,Immoweb code : 9130657,From 210000€ To 249000€,AimédeGraevestraat42100—Deurne,ResidentieL'étoile,,,,,,,,,,,,
144,Immoweb code : 8594473,From 215000€ To 249000€,3270—Scherpenheuvel|Askfortheexactaddress,Dora,,,,,,,,,,,,
145,Immoweb code : 8306840,218500€,4500—Huy|Askfortheexactaddress,HuyVieuxPont,,,,,,,,,,,,
146,Immoweb code : 8594489,From 229000€ To 253000€,3270—Scherpenheuvel|Askfortheexactaddress,Genova,,,,,,,,,,,,
147,Immoweb code : 9258460,230000€,AvenueduSippelberg6ABox2.41080—Molenbeek-Saint-Jean,Apartmentforsale,90,2,Semi equipped,1,No,,,,,,,Good
148,Immoweb code : 9296028,225000€,Welkomstraat136BoxR2160—Wommelgem,Apartmentforsale,100,2,Hyper equipped,,No,,,,,,,As new
149,Immoweb code : 9314763,249000€,Leliegaarde12Box51731—Asse,Apartmentforsale,82,2,Hyper equipped,4,No,,,,,2,No,Good
150,Immoweb code : 9300456,219000€,Groenendaallaan1502170—Merksem,Apartmentforsale,98,2,,,No,,,,,2,,
151,Immoweb code : 9249112,219000€,Eeuwfeestlaan1502500—Lier,Penthouseforsale,73,1,Hyper equipped,3,No,,,,,2,,
152,Immoweb code : 8070638,225000€,4280—Hannut|Askfortheexactaddress,Apartmentforsale,92,2,USA installed,4,No,,,,,,No,As new
153,Immoweb code : 8820145,226500€,PastoorVanLierdestraat19190—Stekene,Apartmentforsale,91,2,Installed,20,No,,,80,,3,,
154,Immoweb code : 9292953,215000€,1780—Wemmel|Askfortheexactaddress,Apartmentforsale,60,1,Installed,35,No,,,,,2,,Good
155,Immoweb code : 9294568,215000€,AlbertILaan75/01018670—Oostduinkerke,Apartmentforsale,69,2,Hyper equipped,,,,,,,,No,As new
156,Immoweb code : 9312364,250000€,AvenueMutsaard731020—Laeken,Apartmentforsale,105,3,Semi equipped,18,Yes,,,,,2,,Good
157,Immoweb code : 9300059,222000€,1785—Merchtem|Askfortheexactaddress,Apartmentforsale,90,2,Installed,,No,,,,,2,,Good
158,Immoweb code : 9305247,225000€,"Sint-Janneke4,4012200—Herentals",Penthouseforsale,93,2,,7,No,,,,,,,
159,Immoweb code : 9265354,205000€,Otterstraat85Box32300—Turnhout,Apartmentforsale,155,3,Not installed,30,No,,,,,2,,Good
160,Immoweb code : 9271083,209000€,1120—Neder-over-Heembeek|Askfortheexactaddress,Apartmentforsale,80,2,Installed,5,No,,,,,2,No,Good
161,Immoweb code : 9281381,213000€,1050—Ixelles|Askfortheexactaddress,Studioforsale,50,1,Hyper equipped,5,,,,,,2,,Just renovated
162,Immoweb code : 9081972,215000€,Dijlestraat43Box1022060—Antwerp,Apartmentforsale,65,2,Hyper equipped,,No,,,,,,,As new
163,Immoweb code : 9283263,218000€,1300—Wavre|Askfortheexactaddress,Apartmentforsale,80,3,Installed,9,No,1,1,,,,,Good
164,Immoweb code : 9102061,225000€,RuedeLaeken821000—Bruxelles,Apartmentforsale,67,1,USA installed,,No,,,,,2,,As new
165,Immoweb code : 9220120,225000€,brusselsestraat14Box31840—Londerzeel,Duplexforsale,86,3,Installed,,No,,,,,,,Good
166,Immoweb code : 9241332,225000€,Diegemstraat160ABox11930—Zaventem,Apartmentforsale,77,2,Hyper equipped,4,No,,,,,,,As new
167,Immoweb code : 9172630,229000€,1785—Merchtem|Askfortheexactaddress,Apartmentforsale,102,3,Installed,47,No,,,,,2,,To be done up
168,Immoweb code : 9081971,229000€,Dijlestraat43Box1012060—Antwerp,Apartmentforsale,85,2,Hyper equipped,,No,,,,,,,As new
169,Immoweb code : 9092080,238000€,Astridlaan93Box31970—Wezembeek-Oppem,Apartmentforsale,65,1,Hyper equipped,5,No,,,,,,No,As new
170,Immoweb code : 9267970,239000€,Driekoningenstraat134Box01022600—Antwerp,Apartmentforsale,110,2,Hyper equipped,,No,,,,,,,Good
171,Immoweb code : 9073635,240000€,5000—Namur|Askfortheexactaddress,Apartmentforsale,72,2,Installed,5,No,,,,,,,Just renovated
172,Immoweb code : 9211994,249000€,Stationsstraat178420—DeHaan,Apartmentforsale,71,1,,,Yes,,,,,,No,
173,Immoweb code : 9249197,224000€,Sint-Jobsstraat212Box1022200—Herentals,Apartmentforsale,76,1,USA hyper equipped,,No,,,,,4,,As new
174,Immoweb code : 9205368,239500€,Beverenstraat228540—Deerlijk,Apartmentforsale,102,2,Installed,4,No,,,,,,,
175,Immoweb code : 9108892,249000€,1785—Merchtem|Askfortheexactaddress,MiregheM,,,,,,,,,,,,
176,Immoweb code : 9309892,239000€,Nachtegaallaan13Box10012930—Brasschaat,Apartmentforsale,89,2,Installed,6,,,,,,2,,Just renovated
177,Immoweb code : 9315045,229000€,L.Devillersstraat5Box02041654—Beersel,Apartmentforsale,104,2,Installed,4,No,,,,,2,,Good
178,Immoweb code : 9316163,239000€,LangeZavelstraat68Box1012060—Antwerp,Apartmentforsale,88,2,,,No,,,,,2,,Just renovated
179,Immoweb code : 9316162,239000€,LangeZavelstraat68Box0012060—Antwerp,Groundfloorforsale,82,2,,,No,,,,,2,,Just renovated
180,Immoweb code : 9317252,245000€,Stationsstraat16Box11910—Kampenhout,Apartmentforsale,92,1,Installed,,No,,,,,,,Good
181,Immoweb code : 8965442,220000€,DenisVerhaeghe-Baelestraat1-3Box01048430—Middelkerke,Apartmentforsale,93,2,Installed,,No,,,,,4,,Good
182,Immoweb code : 9095418,225000€,Westendelaan308430—Middelkerke,Apartmentforsale,51,1,Installed,11,No,,,,,2,,
183,Immoweb code : 9205508,230000€,Dijk38BoxE0232861—Sint-Katelijne-Waver,Apartmentforsale,66,1,Hyper equipped,16,No,,,,,4,,As new
184,Immoweb code : 9125257,235000€,chausséedeNamur138Box45537—ANHÉE,Apartmentforsale,72,2,Installed,5,No,,,,,4,,
185,Immoweb code : 9241921,236500€,Sint-Niklaasstraat392260—ZOERLE-PARWIJS,Apartmentforsale,114,2,Installed,22,No,,,,,,Yes,
186,Immoweb code : 9217842,245000€,Zendelingenstraat14BoxGlvl2140—Borgerhout,Apartmentforsale,81,1,Installed,30,No,,,,,2,,Just renovated
187,Immoweb code : 8788087,249000€,JosephCasselaan11Box03038430—Middelkerke,Apartmentforsale,60,2,Installed,,No,,,,,2,,Good
188,Immoweb code : 8978014,250000€,ChausséedeBruxelles5101410—Waterloo,Duplexforsale,120,2,Semi equipped,,No,1,1,,,2,,To renovate
189,Immoweb code : 9244158,227000€,Xantenstraat222440—Geel,Apartmentforsale,80,2,Semi equipped,,,,,,,2,,Good
190,Immoweb code : 9275934,204000€,Molenstraat29Box1012180—Herentals,Apartmentforsale,70,1,USA installed,30,No,,,,,4,,
191,Immoweb code : 8259034,225910€,Herentalsebaan689Box4042100—Deurne,Apartmentforsale,89,1,Semi equipped,7,No,,,,,4,,
192,Immoweb code : 9275933,233000€,Molenstraat29Box1032200—Herentals,Apartmentforsale,81,2,USA installed,12,No,,,,,4,,
193,Immoweb code : 8220016,239780€,Herentalsebaan689Box2032100—Deurne,Apartmentforsale,93,2,Semi equipped,18,No,,,14,,4,,
194,Immoweb code : 8547960,241965€,Herentalsebaan689Box2052100—Deurne,Apartmentforsale,104,2,Semi equipped,5,No,,,,,4,,
195,Immoweb code : 9254240,245000€,Molenstraat402200—Morkhoven,Apartmentforsale,100,2,Hyper equipped,31,No,,,,,4,,
196,Immoweb code : 9277994,245225€,Kruineikenplein352200—Herentals,Apartmentforsale,104,3,Hyper equipped,12,No,,,,,4,,
197,Immoweb code : 9266843,249000€,KoningLeopoldlaan333920—Lommel,Apartmentforsale,92,2,USA hyper equipped,51,No,,,,,2,,
198,Immoweb code : 8595843,249500€,RouteCharlemagne142BoxLot24841—Henri-Chapelle,Apartmentforsale,120,2,,12,No,,,478,,4,,
199,Immoweb code : 9277997,249745€,Kruineikenplein352200—Herentals,Apartmentforsale,104,3,Hyper equipped,12,No,,,,,4,,
200,Immoweb code : 9248965,From 170000€ To 299000€,Meldertstraatzn3500—Hasselt,NieuwbouwappartemententekoopinResidentieTerra,,,,,,,,,,,,
201,Immoweb code : 9160296,From 189500€ To 297500€,"GroteMarkt102,9060—Zelzate",DeGroteMarkt,,,,,,,,,,,,
202,Immoweb code : 9093109,From 232637€ To 303168€,Pas1462440—Geel,MaisonAuguste,,,,,,,,,,,,
203,Immoweb code : 7633371,279000€,"Spoorweglaan0,9470—Denderleeuw",DenderExpress-Denderleeuw,,,,,,,,,,,,
204,Immoweb code : 7780276,From 226000€ To 510500€,4802—Verviers|Askfortheexactaddress,V5011,,,,,,,,,,,,
205,Immoweb code : 8400301,From 238400€ To 473700€,4845—Jalhay|Askfortheexactaddress,V5014,,,,,,,,,,,,
206,Immoweb code : 9315576,From 195000€ To 535000€,8400—Oostende|Askfortheexactaddress,ZEPHYR,,,,,,,,,,,,
207,Immoweb code : 9315576,From 195000€ To 535000€,8400—Oostende|Askfortheexactaddress,ZEPHYR,,,,,,,,,,,,
208,Immoweb code : 9315576,From 195000€ To 535000€,8400—Oostende|Askfortheexactaddress,ZEPHYR,,,,,,,,,,,,
209,Immoweb code : 9315576,From 195000€ To 535000€,8400—Oostende|Askfortheexactaddress,ZEPHYR,,,,,,,,,,,,
210,Immoweb code : 9315576,From 195000€ To 535000€,8400—Oostende|Askfortheexactaddress,ZEPHYR,,,,,,,,,,,,
211,Immoweb code : 9315576,From 195000€ To 535000€,8400—Oostende|Askfortheexactaddress,ZEPHYR,,,,,,,,,,,,
212,Immoweb code : 9315576,From 195000€ To 535000€,8400—Oostende|Askfortheexactaddress,ZEPHYR,,,,,,,,,,,,
213,Immoweb code : 9315576,From 195000€ To 535000€,8400—Oostende|Askfortheexactaddress,ZEPHYR,,,,,,,,,,,,
214,Immoweb code : 9315576,From 195000€ To 535000€,8400—Oostende|Askfortheexactaddress,ZEPHYR,,,,,,,,,,,,
215,Immoweb code : 9315576,From 195000€ To 535000€,8400—Oostende|Askfortheexactaddress,ZEPHYR,,,,,,,,,,,,
216,Immoweb code : 9315576,From 195000€ To 535000€,8400—Oostende|Askfortheexactaddress,ZEPHYR,,,,,,,,,,,,
217,Immoweb code : 9315576,From 195000€ To 535000€,8400—Oostende|Askfortheexactaddress,ZEPHYR,,,,,,,,,,,,
218,Immoweb code : 9315576,From 195000€ To 535000€,8400—Oostende|Askfortheexactaddress,ZEPHYR,,,,,,,,,,,,
219,Immoweb code : 9315576,From 195000€ To 535000€,8400—Oostende|Askfortheexactaddress,ZEPHYR,,,,,,,,,,,,
220,Immoweb code : 9315576,From 195000€ To 535000€,8400—Oostende|Askfortheexactaddress,ZEPHYR,,,,,,,,,,,,
221,Immoweb code : 9315576,From 195000€ To 535000€,8400—Oostende|Askfortheexactaddress,ZEPHYR,,,,,,,,,,,,
222,Immoweb code : 9315576,From 195000€ To 535000€,8400—Oostende|Askfortheexactaddress,ZEPHYR,,,,,,,,,,,,
223,Immoweb code : 9315576,From 195000€ To 535000€,8400—Oostende|Askfortheexactaddress,ZEPHYR,,,,,,,,,,,,
224,Immoweb code : 9315576,From 195000€ To 535000€,8400—Oostende|Askfortheexactaddress,ZEPHYR,,,,,,,,,,,,
225,Immoweb code : 9315576,From 195000€ To 535000€,8400—Oostende|Askfortheexactaddress,ZEPHYR,,,,,,,,,,,,
226,Immoweb code : 9315576,From 195000€ To 535000€,8400—Oostende|Askfortheexactaddress,ZEPHYR,,,,,,,,,,,,
227,Immoweb code : 9315576,From 195000€ To 535000€,8400—Oostende|Askfortheexactaddress,ZEPHYR,,,,,,,,,,,,
228,Immoweb code : 9315576,From 195000€ To 535000€,8400—Oostende|Askfortheexactaddress,ZEPHYR,,,,,,,,,,,,
229,Immoweb code : 9315576,From 195000€ To 535000€,8400—Oostende|Askfortheexactaddress,ZEPHYR,,,,,,,,,,,,
230,Immoweb code : 9315576,From 195000€ To 535000€,8400—Oostende|Askfortheexactaddress,ZEPHYR,,,,,,,,,,,,
231,Immoweb code : 9315576,From 195000€ To 535000€,8400—Oostende|Askfortheexactaddress,ZEPHYR,,,,,,,,,,,,
232,Immoweb code : 9315576,From 195000€ To 535000€,8400—Oostende|Askfortheexactaddress,ZEPHYR,,,,,,,,,,,,
233,Immoweb code : 9315576,From 195000€ To 535000€,8400—Oostende|Askfortheexactaddress,ZEPHYR,,,,,,,,,,,,
234,Immoweb code : 9315576,From 195000€ To 535000€,8400—Oostende|Askfortheexactaddress,ZEPHYR,,,,,,,,,,,,
235,Immoweb code : 9315576,From 195000€ To 535000€,8400—Oostende|Askfortheexactaddress,ZEPHYR,,,,,,,,,,,,
236,Immoweb code : 9315576,From 195000€ To 535000€,8400—Oostende|Askfortheexactaddress,ZEPHYR,,,,,,,,,,,,
237,Immoweb code : 9315576,From 195000€ To 535000€,8400—Oostende|Askfortheexactaddress,ZEPHYR,,,,,,,,,,,,
238,Immoweb code : 9315576,From 195000€ To 535000€,8400—Oostende|Askfortheexactaddress,ZEPHYR,,,,,,,,,,,,
239,Immoweb code : 9315576,From 195000€ To 535000€,8400—Oostende|Askfortheexactaddress,ZEPHYR,,,,,,,,,,,,
240,Immoweb code : 9315576,From 195000€ To 535000€,8400—Oostende|Askfortheexactaddress,ZEPHYR,,,,,,,,,,,,
241,Immoweb code : 9315576,From 195000€ To 535000€,8400—Oostende|Askfortheexactaddress,ZEPHYR,,,,,,,,,,,,
242,Immoweb code : 9315576,From 195000€ To 535000€,8400—Oostende|Askfortheexactaddress,ZEPHYR,,,,,,,,,,,,
243,Immoweb code : 9315576,From 195000€ To 535000€,8400—Oostende|Askfortheexactaddress,ZEPHYR,,,,,,,,,,,,
244,Immoweb code : 9315576,From 195000€ To 535000€,8400—Oostende|Askfortheexactaddress,ZEPHYR,,,,,,,,,,,,
245,Immoweb code : 9315576,From 195000€ To 535000€,8400—Oostende|Askfortheexactaddress,ZEPHYR,,,,,,,,,,,,
246,Immoweb code : 9315576,From 195000€ To 535000€,8400—Oostende|Askfortheexactaddress,ZEPHYR,,,,,,,,,,,,
247,Immoweb code : 9315576,From 195000€ To 535000€,8400—Oostende|Askfortheexactaddress,ZEPHYR,,,,,,,,,,,,
248,Immoweb code : 9315576,From 195000€ To 535000€,8400—Oostende|Askfortheexactaddress,ZEPHYR,,,,,,,,,,,,
249,Immoweb code : 9315576,From 195000€ To 535000€,8400—Oostende|Askfortheexactaddress,ZEPHYR,,,,,,,,,,,,
250,Immoweb code : 9315576,From 195000€ To 535000€,8400—Oostende|Askfortheexactaddress,ZEPHYR,,,,,,,,,,,,
251,Immoweb code : 9315576,From 195000€ To 535000€,8400—Oostende|Askfortheexactaddress,ZEPHYR,,,,,,,,,,,,
252,Immoweb code : 9315576,From 195000€ To 535000€,8400—Oostende|Askfortheexactaddress,ZEPHYR,,,,,,,,,,,,
253,Immoweb code : 9315576,From 195000€ To 535000€,8400—Oostende|Askfortheexactaddress,ZEPHYR,,,,,,,,,,,,
254,Immoweb code : 9315576,From 195000€ To 535000€,8400—Oostende|Askfortheexactaddress,ZEPHYR,,,,,,,,,,,,
255,Immoweb code : 9315576,From 195000€ To 535000€,8400—Oostende|Askfortheexactaddress,ZEPHYR,,,,,,,,,,,,
256,Immoweb code : 9315576,From 195000€ To 535000€,8400—Oostende|Askfortheexactaddress,ZEPHYR,,,,,,,,,,,,
257,Immoweb code : 9315576,From 195000€ To 535000€,8400—Oostende|Askfortheexactaddress,ZEPHYR,,,,,,,,,,,,
258,Immoweb code : 9315576,From 195000€ To 535000€,8400—Oostende|Askfortheexactaddress,ZEPHYR,,,,,,,,,,,,
259,Immoweb code : 9315576,From 195000€ To 535000€,8400—Oostende|Askfortheexactaddress,ZEPHYR,,,,,,,,,,,,
260,Immoweb code : 9315576,From 195000€ To 535000€,8400—Oostende|Askfortheexactaddress,ZEPHYR,,,,,,,,,,,,
261,Immoweb code : 9315576,From 195000€ To 535000€,8400—Oostende|Askfortheexactaddress,ZEPHYR,,,,,,,,,,,,
262,Immoweb code : 9315576,From 195000€ To 535000€,8400—Oostende|Askfortheexactaddress,ZEPHYR,,,,,,,,,,,,
263,Immoweb code : 9315576,From 195000€ To 535000€,8400—Oostende|Askfortheexactaddress,ZEPHYR,,,,,,,,,,,,
264,Immoweb code : 9315576,From 195000€ To 535000€,8400—Oostende|Askfortheexactaddress,ZEPHYR,,,,,,,,,,,,
265,Immoweb code : 9315576,From 195000€ To 535000€,8400—Oostende|Askfortheexactaddress,ZEPHYR,,,,,,,,,,,,
266,Immoweb code : 9315576,From 195000€ To 535000€,8400—Oostende|Askfortheexactaddress,ZEPHYR,,,,,,,,,,,,
267,Immoweb code : 9315576,From 195000€ To 535000€,8400—Oostende|Askfortheexactaddress,ZEPHYR,,,,,,,,,,,,
268,Immoweb code : 9315576,From 195000€ To 535000€,8400—Oostende|Askfortheexactaddress,ZEPHYR,,,,,,,,,,,,
269,Immoweb code : 9315576,From 195000€ To 535000€,8400—Oostende|Askfortheexactaddress,ZEPHYR,,,,,,,,,,,,
270,Immoweb code : 9315576,From 195000€ To 535000€,8400—Oostende|Askfortheexactaddress,ZEPHYR,,,,,,,,,,,,
271,Immoweb code : 9315576,From 195000€ To 535000€,8400—Oostende|Askfortheexactaddress,ZEPHYR,,,,,,,,,,,,
272,Immoweb code : 9315576,From 195000€ To 535000€,8400—Oostende|Askfortheexactaddress,ZEPHYR,,,,,,,,,,,,
273,Immoweb code : 9315576,From 195000€ To 535000€,8400—Oostende|Askfortheexactaddress,ZEPHYR,,,,,,,,,,,,
274,Immoweb code : 9315576,From 195000€ To 535000€,8400—Oostende|Askfortheexactaddress,ZEPHYR,,,,,,,,,,,,
275,Immoweb code : 9315576,From 195000€ To 535000€,8400—Oostende|Askfortheexactaddress,ZEPHYR,,,,,,,,,,,,
276,Immoweb code : 9315576,From 195000€ To 535000€,8400—Oostende|Askfortheexactaddress,ZEPHYR,,,,,,,,,,,,
277,Immoweb code : 9315576,From 195000€ To 535000€,8400—Oostende|Askfortheexactaddress,ZEPHYR,,,,,,,,,,,,
278,Immoweb code : 9315576,From 195000€ To 535000€,8400—Oostende|Askfortheexactaddress,ZEPHYR,,,,,,,,,,,,
279,Immoweb code : 9315576,From 195000€ To 535000€,8400—Oostende|Askfortheexactaddress,ZEPHYR,,,,,,,,,,,,
280,Immoweb code : 9315576,From 195000€ To 535000€,8400—Oostende|Askfortheexactaddress,ZEPHYR,,,,,,,,,,,,
281,Immoweb code : 9315576,From 195000€ To 535000€,8400—Oostende|Askfortheexactaddress,ZEPHYR,,,,,,,,,,,,
282,Immoweb code : 9315576,From 195000€ To 535000€,8400—Oostende|Askfortheexactaddress,ZEPHYR,,,,,,,,,,,,
283,Immoweb code : 9315576,From 195000€ To 535000€,8400—Oostende|Askfortheexactaddress,ZEPHYR,,,,,,,,,,,,
284,Immoweb code : 9315576,From 195000€ To 535000€,8400—Oostende|Askfortheexactaddress,ZEPHYR,,,,,,,,,,,,
285,Immoweb code : 9315576,From 195000€ To 535000€,8400—Oostende|Askfortheexactaddress,ZEPHYR,,,,,,,,,,,,
286,Immoweb code : 9315576,From 195000€ To 535000€,8400—Oostende|Askfortheexactaddress,ZEPHYR,,,,,,,,,,,,
287,Immoweb code : 9315576,From 195000€ To 535000€,8400—Oostende|Askfortheexactaddress,ZEPHYR,,,,,,,,,,,,
288,Immoweb code : 9315576,From 195000€ To 535000€,8400—Oostende|Askfortheexactaddress,ZEPHYR,,,,,,,,,,,,
289,Immoweb code : 9315576,From 195000€ To 535000€,8400—Oostende|Askfortheexactaddress,ZEPHYR,,,,,,,,,,,,
290,Immoweb code : 9315576,From 195000€ To 535000€,8400—Oostende|Askfortheexactaddress,ZEPHYR,,,,,,,,,,,,
291,Immoweb code : 9315576,From 195000€ To 535000€,8400—Oostende|Askfortheexactaddress,ZEPHYR,,,,,,,,,,,,
292,Immoweb code : 9315576,From 195000€ To 535000€,8400—Oostende|Askfortheexactaddress,ZEPHYR,,,,,,,,,,,,
293,Immoweb code : 9315576,From 195000€ To 535000€,8400—Oostende|Askfortheexactaddress,ZEPHYR,,,,,,,,,,,,
294,Immoweb code : 9315576,From 195000€ To 535000€,8400—Oostende|Askfortheexactaddress,ZEPHYR,,,,,,,,,,,,
295,Immoweb code : 9315576,From 195000€ To 535000€,8400—Oostende|Askfortheexactaddress,ZEPHYR,,,,,,,,,,,,
296,Immoweb code : 9315576,From 195000€ To 535000€,8400—Oostende|Askfortheexactaddress,ZEPHYR,,,,,,,,,,,,
297,Immoweb code : 9315576,From 195000€ To 535000€,8400—Oostende|Askfortheexactaddress,ZEPHYR,,,,,,,,,,,,
298,Immoweb code : 9315576,From 195000€ To 535000€,8400—Oostende|Askfortheexactaddress,ZEPHYR,,,,,,,,,,,,
299,Immoweb code : 9315576,From 195000€ To 535000€,8400—Oostende|Askfortheexactaddress,ZEPHYR,,,,,,,,,,,,
300,Immoweb code : 9315576,From 195000€ To 535000€,8400—Oostende|Askfortheexactaddress,ZEPHYR,,,,,,,,,,,,
301,Immoweb code : 9315576,From 195000€ To 535000€,8400—Oostende|Askfortheexactaddress,ZEPHYR,,,,,,,,,,,,
302,Immoweb code : 9315576,From 195000€ To 535000€,8400—Oostende|Askfortheexactaddress,ZEPHYR,,,,,,,,,,,,
303,Immoweb code : 9315576,From 195000€ To 535000€,8400—Oostende|Askfortheexactaddress,ZEPHYR,,,,,,,,,,,,
304,Immoweb code : 9315576,From 195000€ To 535000€,8400—Oostende|Askfortheexactaddress,ZEPHYR,,,,,,,,,,,,
305,Immoweb code : 9315576,From 195000€ To 535000€,8400—Oostende|Askfortheexactaddress,ZEPHYR,,,,,,,,,,,,
306,Immoweb code : 9315576,From 195000€ To 535000€,8400—Oostende|Askfortheexactaddress,ZEPHYR,,,,,,,,,,,,
307,Immoweb code : 9315576,From 195000€ To 535000€,8400—Oostende|Askfortheexactaddress,ZEPHYR,,,,,,,,,,,,
308,Immoweb code : 9315576,From 195000€ To 535000€,8400—Oostende|Askfortheexactaddress,ZEPHYR,,,,,,,,,,,,
309,Immoweb code : 9315576,From 195000€ To 535000€,8400—Oostende|Askfortheexactaddress,ZEPHYR,,,,,,,,,,,,
310,Immoweb code : 9315576,From 195000€ To 535000€,8400—Oostende|Askfortheexactaddress,ZEPHYR,,,,,,,,,,,,
311,Immoweb code : 9315576,From 195000€ To 535000€,8400—Oostende|Askfortheexactaddress,ZEPHYR,,,,,,,,,,,,
312,Immoweb code : 9315576,From 195000€ To 535000€,8400—Oostende|Askfortheexactaddress,ZEPHYR,,,,,,,,,,,,
313,Immoweb code : 9315576,From 195000€ To 535000€,8400—Oostende|Askfortheexactaddress,ZEPHYR,,,,,,,,,,,,
314,Immoweb code : 9315576,From 195000€ To 535000€,8400—Oostende|Askfortheexactaddress,ZEPHYR,,,,,,,,,,,,
315,Immoweb code : 9315576,From 195000€ To 535000€,8400—Oostende|Askfortheexactaddress,ZEPHYR,,,,,,,,,,,,
316,Immoweb code : 9315576,From 195000€ To 535000€,8400—Oostende|Askfortheexactaddress,ZEPHYR,,,,,,,,,,,,
317,Immoweb code : 9315576,From 195000€ To 535000€,8400—Oostende|Askfortheexactaddress,ZEPHYR,,,,,,,,,,,,
318,Immoweb code : 9315576,From 195000€ To 535000€,8400—Oostende|Askfortheexactaddress,ZEPHYR,,,,,,,,,,,,
319,Immoweb code : 9315576,From 195000€ To 535000€,8400—Oostende|Askfortheexactaddress,ZEPHYR,,,,,,,,,,,,
320,Immoweb code : 9315576,From 195000€ To 535000€,8400—Oostende|Askfortheexactaddress,ZEPHYR,,,,,,,,,,,,
321,Immoweb code : 9315576,From 195000€ To 535000€,8400—Oostende|Askfortheexactaddress,ZEPHYR,,,,,,,,,,,,
322,Immoweb code : 9315576,From 195000€ To 535000€,8400—Oostende|Askfortheexactaddress,ZEPHYR,,,,,,,,,,,,
323,Immoweb code : 9315576,From 195000€ To 535000€,8400—Oostende|Askfortheexactaddress,ZEPHYR,,,,,,,,,,,,
324,Immoweb code : 9315576,From 195000€ To 535000€,8400—Oostende|Askfortheexactaddress,ZEPHYR,,,,,,,,,,,,
325,Immoweb code : 9315576,From 195000€ To 535000€,8400—Oostende|Askfortheexactaddress,ZEPHYR,,,,,,,,,,,,
326,Immoweb code : 9315576,From 195000€ To 535000€,8400—Oostende|Askfortheexactaddress,ZEPHYR,,,,,,,,,,,,
327,Immoweb code : 9315576,From 195000€ To 535000€,8400—Oostende|Askfortheexactaddress,ZEPHYR,,,,,,,,,,,,
328,Immoweb code : 9315576,From 195000€ To 535000€,8400—Oostende|Askfortheexactaddress,ZEPHYR,,,,,,,,,,,,
329,Immoweb code : 9315576,From 195000€ To 535000€,8400—Oostende|Askfortheexactaddress,ZEPHYR,,,,,,,,,,,,
330,Immoweb code : 9315576,From 195000€ To 535000€,8400—Oostende|Askfortheexactaddress,ZEPHYR,,,,,,,,,,,,
331,Immoweb code : 9315576,From 195000€ To 535000€,8400—Oostende|Askfortheexactaddress,ZEPHYR,,,,,,,,,,,,
332,Immoweb code : 9315576,From 195000€ To 535000€,8400—Oostende|Askfortheexactaddress,ZEPHYR,,,,,,,,,,,,
333,Immoweb code : 9315576,From 195000€ To 535000€,8400—Oostende|Askfortheexactaddress,ZEPHYR,,,,,,,,,,,,
334,Immoweb code : 9315576,From 195000€ To 535000€,8400—Oostende|Askfortheexactaddress,ZEPHYR,,,,,,,,,,,,
335,Immoweb code : 9315576,From 195000€ To 535000€,8400—Oostende|Askfortheexactaddress,ZEPHYR,,,,,,,,,,,,
336,Immoweb code : 9315576,From 195000€ To 535000€,8400—Oostende|Askfortheexactaddress,ZEPHYR,,,,,,,,,,,,
337,Immoweb code : 9315576,From 195000€ To 535000€,8400—Oostende|Askfortheexactaddress,ZEPHYR,,,,,,,,,,,,
338,Immoweb code : 9315576,From 195000€ To 535000€,8400—Oostende|Askfortheexactaddress,ZEPHYR,,,,,,,,,,,,
339,Immoweb code : 9315576,From 195000€ To 535000€,8400—Oostende|Askfortheexactaddress,ZEPHYR,,,,,,,,,,,,
340,Immoweb code : 9315576,From 195000€ To 535000€,8400—Oostende|Askfortheexactaddress,ZEPHYR,,,,,,,,,,,,
341,Immoweb code : 9315576,From 195000€ To 535000€,8400—Oostende|Askfortheexactaddress,ZEPHYR,,,,,,,,,,,,
342,Immoweb code : 9315576,From 195000€ To 535000€,8400—Oostende|Askfortheexactaddress,ZEPHYR,,,,,,,,,,,,
343,Immoweb code : 9315576,From 195000€ To 535000€,8400—Oostende|Askfortheexactaddress,ZEPHYR,,,,,,,,,,,,
344,Immoweb code : 9315576,From 195000€ To 535000€,8400—Oostende|Askfortheexactaddress,ZEPHYR,,,,,,,,,,,,
345,Immoweb code : 9315576,From 195000€ To 535000€,8400—Oostende|Askfortheexactaddress,ZEPHYR,,,,,,,,,,,,
346,Immoweb code : 9315576,From 195000€ To 535000€,8400—Oostende|Askfortheexactaddress,ZEPHYR,,,,,,,,,,,,
347,Immoweb code : 9315576,From 195000€ To 535000€,8400—Oostende|Askfortheexactaddress,ZEPHYR,,,,,,,,,,,,
348,Immoweb code : 9315576,From 195000€ To 535000€,8400—Oostende|Askfortheexactaddress,ZEPHYR,,,,,,,,,,,,
349,Immoweb code : 9315576,From 195000€ To 535000€,8400—Oostende|Askfortheexactaddress,ZEPHYR,,,,,,,,,,,,
350,Immoweb code : 9315576,From 195000€ To 535000€,8400—Oostende|Askfortheexactaddress,ZEPHYR,,,,,,,,,,,,
351,Immoweb code : 9315576,From 195000€ To 535000€,8400—Oostende|Askfortheexactaddress,ZEPHYR,,,,,,,,,,,,
352,Immoweb code : 9315576,From 195000€ To 535000€,8400—Oostende|Askfortheexactaddress,ZEPHYR,,,,,,,,,,,,
353,Immoweb code : 9315576,From 195000€ To 535000€,8400—Oostende|Askfortheexactaddress,ZEPHYR,,,,,,,,,,,,
354,Immoweb code : 9315576,From 195000€ To 535000€,8400—Oostende|Askfortheexactaddress,ZEPHYR,,,,,,,,,,,,
355,Immoweb code : 9315576,From 195000€ To 535000€,8400—Oostende|Askfortheexactaddress,ZEPHYR,,,,,,,,,,,,
356,Immoweb code : 9315576,From 195000€ To 535000€,8400—Oostende|Askfortheexactaddress,ZEPHYR,,,,,,,,,,,,
357,Immoweb code : 9315576,From 195000€ To 535000€,8400—Oostende|Askfortheexactaddress,ZEPHYR,,,,,,,,,,,,
358,Immoweb code : 9315576,From 195000€ To 535000€,8400—Oostende|Askfortheexactaddress,ZEPHYR,,,,,,,,,,,,
359,Immoweb code : 9315576,From 195000€ To 535000€,8400—Oostende|Askfortheexactaddress,ZEPHYR,,,,,,,,,,,,
360,Immoweb code : 9315576,From 195000€ To 535000€,8400—Oostende|Askfortheexactaddress,ZEPHYR,,,,,,,,,,,,
361,Immoweb code : 9315576,From 195000€ To 535000€,8400—Oostende|Askfortheexactaddress,ZEPHYR,,,,,,,,,,,,
362,Immoweb code : 9315576,From 195000€ To 535000€,8400—Oostende|Askfortheexactaddress,ZEPHYR,,,,,,,,,,,,
363,Immoweb code : 9315576,From 195000€ To 535000€,8400—Oostende|Askfortheexactaddress,ZEPHYR,,,,,,,,,,,,
364,Immoweb code : 9315576,From 195000€ To 535000€,8400—Oostende|Askfortheexactaddress,ZEPHYR,,,,,,,,,,,,
365,Immoweb code : 9315576,From 195000€ To 535000€,8400—Oostende|Askfortheexactaddress,ZEPHYR,,,,,,,,,,,,
366,Immoweb code : 9315576,From 195000€ To 535000€,8400—Oostende|Askfortheexactaddress,ZEPHYR,,,,,,,,,,,,
367,Immoweb code : 9315576,From 195000€ To 535000€,8400—Oostende|Askfortheexactaddress,ZEPHYR,,,,,,,,,,,,
368,Immoweb code : 9315576,From 195000€ To 535000€,8400—Oostende|Askfortheexactaddress,ZEPHYR,,,,,,,,,,,,
369,Immoweb code : 9315576,From 195000€ To 535000€,8400—Oostende|Askfortheexactaddress,ZEPHYR,,,,,,,,,,,,
370,Immoweb code : 9315576,From 195000€ To 535000€,8400—Oostende|Askfortheexactaddress,ZEPHYR,,,,,,,,,,,,
371,Immoweb code : 9315576,From 195000€ To 535000€,8400—Oostende|Askfortheexactaddress,ZEPHYR,,,,,,,,,,,,
372,Immoweb code : 9315576,From 195000€ To 535000€,8400—Oostende|Askfortheexactaddress,ZEPHYR,,,,,,,,,,,,
373,Immoweb code : 9315576,From 195000€ To 535000€,8400—Oostende|Askfortheexactaddress,ZEPHYR,,,,,,,,,,,,
374,Immoweb code : 9315576,From 195000€ To 535000€,8400—Oostende|Askfortheexactaddress,ZEPHYR,,,,,,,,,,,,
375,Immoweb code : 9315576,From 195000€ To 535000€,8400—Oostende|Askfortheexactaddress,ZEPHYR,,,,,,,,,,,,
376,Immoweb code : 9315576,From 195000€ To 535000€,8400—Oostende|Askfortheexactaddress,ZEPHYR,,,,,,,,,,,,
377,Immoweb code : 9315576,From 195000€ To 535000€,8400—Oostende|Askfortheexactaddress,ZEPHYR,,,,,,,,,,,,
378,Immoweb code : 9315576,From 195000€ To 535000€,8400—Oostende|Askfortheexactaddress,ZEPHYR,,,,,,,,,,,,
379,Immoweb code : 9315576,From 195000€ To 535000€,8400—Oostende|Askfortheexactaddress,ZEPHYR,,,,,,,,,,,,
380,Immoweb code : 9315576,From 195000€ To 535000€,8400—Oostende|Askfortheexactaddress,ZEPHYR,,,,,,,,,,,,
381,Immoweb code : 9315576,From 195000€ To 535000€,8400—Oostende|Askfortheexactaddress,ZEPHYR,,,,,,,,,,,,
382,Immoweb code : 9315576,From 195000€ To 535000€,8400—Oostende|Askfortheexactaddress,ZEPHYR,,,,,,,,,,,,
383,Immoweb code : 9315576,From 195000€ To 535000€,8400—Oostende|Askfortheexactaddress,ZEPHYR,,,,,,,,,,,,
384,Immoweb code : 9315576,From 195000€ To 535000€,8400—Oostende|Askfortheexactaddress,ZEPHYR,,,,,,,,,,,,
385,Immoweb code : 9315576,From 195000€ To 535000€,8400—Oostende|Askfortheexactaddress,ZEPHYR,,,,,,,,,,,,
386,Immoweb code : 9315576,From 195000€ To 535000€,8400—Oostende|Askfortheexactaddress,ZEPHYR,,,,,,,,,,,,
387,Immoweb code : 9315576,From 195000€ To 535000€,8400—Oostende|Askfortheexactaddress,ZEPHYR,,,,,,,,,,,,
388,Immoweb code : 9315576,From 195000€ To 535000€,8400—Oostende|Askfortheexactaddress,ZEPHYR,,,,,,,,,,,,
389,Immoweb code : 9315576,From 195000€ To 535000€,8400—Oostende|Askfortheexactaddress,ZEPHYR,,,,,,,,,,,,
390,Immoweb code : 9315576,From 195000€ To 535000€,8400—Oostende|Askfortheexactaddress,ZEPHYR,,,,,,,,,,,,
391,Immoweb code : 9315576,From 195000€ To 535000€,8400—Oostende|Askfortheexactaddress,ZEPHYR,,,,,,,,,,,,
392,Immoweb code : 9315576,From 195000€ To 535000€,8400—Oostende|Askfortheexactaddress,ZEPHYR,,,,,,,,,,,,
393,Immoweb code : 9315576,From 195000€ To 535000€,8400—Oostende|Askfortheexactaddress,ZEPHYR,,,,,,,,,,,,
394,Immoweb code : 9315576,From 195000€ To 535000€,8400—Oostende|Askfortheexactaddress,ZEPHYR,,,,,,,,,,,,
395,Immoweb code : 9315576,From 195000€ To 535000€,8400—Oostende|Askfortheexactaddress,ZEPHYR,,,,,,,,,,,,
396,Immoweb code : 9315576,From 195000€ To 535000€,8400—Oostende|Askfortheexactaddress,ZEPHYR,,,,,,,,,,,,
397,Immoweb code : 9315576,From 195000€ To 535000€,8400—Oostende|Askfortheexactaddress,ZEPHYR,,,,,,,,,,,,
398,Immoweb code : 9315576,From 195000€ To 535000€,8400—Oostende|Askfortheexactaddress,ZEPHYR,,,,,,,,,,,,
399,Immoweb code : 9315576,From 195000€ To 535000€,8400—Oostende|Askfortheexactaddress,ZEPHYR,,,,,,,,,,,,
400,Immoweb code : 9061766,396500€,9200—Dendermonde|Askfortheexactaddress,Apartmentforsale,117,2,,10,,,,,,3,,
401,Immoweb code : 9061764,396500€,9200—Dendermonde|Askfortheexactaddress,Apartmentforsale,117,2,,10,,,,,,3,,
402,Immoweb code : 9318771,345000€,1180—Uccle|Askfortheexactaddress,Apartmentforsale,100,2,Semi equipped,12,No,,,,,2,,
403,Immoweb code : 8989846,From 169000€ To 345000€,Eethuisstraat99-1072900—Schoten,TheSilverResidence,,,,,,,,,,,,
404,Immoweb code : 9021893,From 174000€ To 304000€,RueNysten124000—Liege,RésidenceNysten,,,,,,,,,,,,
405,Immoweb code : 9016802,From 175000€ To 390000€,RouteduCondroz4100—Boncelles,RésidenceLaRoche,,,,,,,,,,,,
406,Immoweb code : 7774114,From 178000€ To 328000€,"GraafvanLandaststraat41,9700—Eine",WitteGraaf,,,,,,,,,,,,
407,Immoweb code : 8803262,From 190000€ To 450000€,Lindenlaan128660—LaPanne,Newrealestateproject-Apartmentsforsale,,,,,,,,,,,,
408,Immoweb code : 9124757,From 195000€ To 520000€,4050—Chaudfontaine|Askfortheexactaddress,CALIDIS-RésidenceTopaz,,,,,,,,,,,,
409,Immoweb code : 9199087,From 202150€ To 333150€,Markizaatstraat9340—Lede,ResidentieMagnoliaLede,,,,,,,,,,,,
410,Immoweb code : 9060812,From 209000€ To 329000€,"Zandvoordsestraat2,8460—Oudenburg",Sint-Pietershof,,,,,,,,,,,,
411,Immoweb code : 8818123,From 250000€ To 355000€,Stapelstraat82/843800—St-Truiden,PROJECTSTAPEL8284,,,,,,,,,,,,
412,Immoweb code : 9272149,From 295000€ To 397500€,Westendelaan78430—Middelkerke,RoyalParkMiddelkerke,,,,,,,,,,,,
413,Immoweb code : 8999853,From 369000€ To 445000€,Franslaan568620—Nieuwpoort,NieuwbouwprojectLectusIX,,,,,,,,,,,,
414,Immoweb code : 9124964,Reserve price : 65000€,Veert612830—Willebroek,Groundfloorforsale,,2,,,,,,,,,,
415,Immoweb code : 9130770,337500€,Kortrijksesteenweg1739000—Gent,Apartmentforsale,,2,,,,,,,,,,
416,Immoweb code : 9307574,Reserve price : 200000€,AvenueduCastel1051200—Woluwe-Saint-Lambert,Duplexforsale,,3,,,,,,,,,,
417,Immoweb code : 9307562,Reserve price : 200000€,AvenueduCastel1051200—Woluwe-Saint-Lambert,Duplexforsale,,4,,,,,,,,,,
418,Immoweb code : 9124965,Reserve price : 65000€,Veert622830—Willebroek,Groundfloorforsale,,1,,,,,,,,,,
419,Immoweb code : 9093109,From 232637€ To 303168€,Pas1462440—Geel,MaisonAuguste,,,,,,,,,,,,
420,Immoweb code : 8132224,From 302950€ To 354000€,"Bruulstraat24,9450—Haaltert",Bruulpark,,,,,,,,,,,,
421,Immoweb code : 9235037,From 395000€ To 775000€,Graafd'Ursellaan28-298301—Heist-aan-Zee,Newrealestateproject-Apartmentsforsale,,,,,,,,,,,,
422,Immoweb code : 7780276,From 226000€ To 510500€,4802—Verviers|Askfortheexactaddress,V5011,,,,,,,,,,,,
423,Immoweb code : 8400301,From 238400€ To 473700€,4845—Jalhay|Askfortheexactaddress,V5014,,,,,,,,,,,,
424,Immoweb code : 9315576,From 195000€ To 535000€,8400—Oostende|Askfortheexactaddress,ZEPHYR,,,,,,,,,,,,
425,Immoweb code : 9312748,340000€,Heembeeksestraat1761120—Neder-over-Heembeek,Apartmentforsale,94,2,Hyper equipped,17,No,,,200,,2,,As new
426,Immoweb code : 9312685,375000€,Vijverstraat451040—Etterbeek,Apartmentforsale,82,2,Hyper equipped,,Yes,,,,,2,,As new
427,Immoweb code : 9314446,359000€,Zeedijk226Box03018430—Middelkerke,Apartmentforsale,70,1,Installed,,No,,,,,2,,Good
428,Immoweb code : 9299685,315000€,"Frankrijklei8,32000—Antwerp",Apartmentforsale,142,2,Installed,,No,,,,,,,Good
429,Immoweb code : 9317488,310000€,Bareelstraat1ABox32500—Lier,Apartmentforsale,100,2,,10,No,,,,,2,,Good
430,Immoweb code : 9298297,339000€,Placedujardinauxfleurs131000—BrusselsCity,Apartmentforsale,76,1,Hyper equipped,5,Yes,,,,,2,,Just renovated
431,Immoweb code : 9297848,339000€,Fruithoflaan114Box92600—Berchem,Apartmentforsale,115,3,Hyper equipped,21,No,,,,,,,Just renovated
432,Immoweb code : 9317133,324200€,Stationstraat89BoxB3070—Kortenberg,Apartmentforsale,86,2,Installed,10,No,,,25,,2,,Good
433,Immoweb code : 9317323,339000€,Bemel301150—Woluwe-Saint-Pierre,Apartmentforsale,79,2,USA installed,8,No,,,,,4,No,Good
434,Immoweb code : 9303698,359000€,Zeedijk226Box03018430—Middelkerke,Apartmentforsale,70,1,Installed,,No,,,,,2,,Good
435,Immoweb code : 8915810,From 170172€ To 460000€,Gasthuisstraat25-318970—Poperinge,Nieuwbouwproject-DeLooierij,,,,,,,,,,,,
436,Immoweb code : 8844088,From 174493€ To 441656€,1700—Dilbeek|Askfortheexactaddress,"Residentie""Newton""",,,,,,,,,,,,
437,Immoweb code : 9078670,From 175000€ To 375000€,Kerkstraat198430—Middelkerke,CentralPark,,,,,,,,,,,,
438,Immoweb code : 8932689,From 175000€ To 375000€,Kerkstraat198430—Middelkerke,CentralPark,,,,,,,,,,,,
439,Immoweb code : 9107091,From 175500€ To 426500€,Merchtemsesteenweg271861—Wolvertem,Newrealestateproject-Apartmentsforsale,,,,,,,,,,,,
440,Immoweb code : 8632878,From 185000€ To 315000€,Ringenhofweg852500—Lier,Newrealestateproject-Apartmentsforsale,,,,,,,,,,,,
441,Immoweb code : 9053633,From 210000€ To 315000€,Diestsestraat753270—Scherpenheuvel-Zichem,Newrealestateproject-Apartmentsforsale,,,,,,,,,,,,
442,Immoweb code : 9216964,From 235897€ To 409184€,3020—Herent|Askfortheexactaddress,Mechelsesteenweg475Herent,,,,,,,,,,,,
443,Immoweb code : 9263603,From 240000€ To 365000€,Laar932180—Ekeren,Newrealestateproject-Apartmentsforsale,,,,,,,,,,,,
444,Immoweb code : 8690537,From 250000€ To 399000€,1500—Halle|Askfortheexactaddress,RESIDENTIESEQUOIA,,,,,,,,,,,,
445,Immoweb code : 8200141,From 255000€ To 450000€,RenéMouchottestraat18-248430—Middelkerke,Antigua,,,,,,,,,,,,
446,Immoweb code : 8825126,From 264000€ To 329000€,Antwerpsesteenweg1182550—Kontich,ResidentieGonthier,,,,,,,,,,,,
447,Immoweb code : 9291263,From 269000€ To 340000€,KleinHolland81840—Londerzeel,Newrealestateproject-Apartmentsforsale,,,,,,,,,,,,
448,Immoweb code : 9236149,From 273520€ To 318160€,Booischotseweg52235—Hulshout,"Residentie""KATRIEN""",,,,,,,,,,,,
449,Immoweb code : 9068358,From 275000€ To 595000€,Brusselsesteenweg521860—Meise,Newrealestateproject-Apartmentsforsale,,,,,,,,,,,,
450,Immoweb code : 9257428,From 275550€ To 593500€,HectorHenneaulaan1930—Zaventem,Tommewater,,,,,,,,,,,,
451,Immoweb code : 9114942,From 285000€ To 355000€,Meisestraat931853—Grimbergen,Newrealestateproject-Apartmentsforsale,,,,,,,,,,,,
452,Immoweb code : 9264043,From 289800€ To 414404€,MaxHavelaarplein3111—Wezemaal,Newrealestateproject-Apartmentsforsale,,,,,,,,,,,,
453,Immoweb code : 9060404,305000€,AvenueJeanPochet1205000—Namur,RésidencePanorama,,,,,,,,,,,,
454,Immoweb code : 9285795,309000€,Stationstraat86Box01013070—Kortenberg,Apartmentforsale,105,2,Installed,6,No,,,,,4,,Good
455,Immoweb code : 9274271,315000€,squareEmileDuployé61030—Schaerbeek,Apartmentforsale,104,2,Hyper equipped,5,No,,,,,2,,As new
456,Immoweb code : 9260387,320000€,RueBelliard168Box91000—Bruxelles,Apartmentforsale,67,1,USA semi equipped,8,No,,,,,,,Good
457,Immoweb code : 8913967,320000€,AvenueReineAstrid394900—Spa,Appartementsaucentre-ville,,,,,,,,,,,,
458,Immoweb code : 8781008,325000€,Mulslaan361820—Steenokkerzeel,Newrealestateproject-Apartmentsforsale,,,,,,,,,,,,
459,Immoweb code : 8955955,From 325000€ To 357000€,Dorpstraat156a3060—Bertem,Newrealestateproject-Apartmentsforsale,,,,,,,,,,,,
460,Immoweb code : 9250215,325000€,Muggenstraat493500—Hasselt,Apartmentforsale,117,2,Semi equipped,15,No,,,,,3,,Good
461,Immoweb code : 9266199,330000€,Kursaallaan34/01028670—Koksijde,Apartmentforsale,97,2,Hyper equipped,,No,,,,,,No,As new
462,Immoweb code : 8594633,339750€,1070—Anderlecht|Askfortheexactaddress,TheYard,,,,,,,,,,,,
463,Immoweb code : 9270377,343000€,Spoorweglaan33Box222570—Duffel,Penthouseforsale,105,2,USA hyper equipped,31,No,,,,,4,,As new
464,Immoweb code : 9147779,345000€,Dijlestraat52Box10A2060—Antwerp,Penthouseforsale,114,2,Installed,25,No,,,,,2,,Good
465,Immoweb code : 9147778,345000€,Dijlestraat52Box10A2060—Antwerp,Apartmentforsale,114,2,Installed,25,No,,,,,2,,Good
466,Immoweb code : 9147777,345000€,Dijlestraat52Box10A2060—Antwerp,Loftforsale,114,2,Installed,25,No,,,,,2,,Good
467,Immoweb code : 8243712,347230.8€,Baalsesteenweg13130—Begijnendijk,ResidentieBeganckenisse,,,,,,,,,,,,
468,Immoweb code : 9171980,349000€,Akenkaai651000—BrusselsCity,Apartmentforsale,100,2,Hyper equipped,12,No,,,,,2,,As new
469,Immoweb code : 8212615,369000€,BoulevardLouisSchmidt161040—Etterbeek,Apartmentforsale,100,2,USA installed,,No,,,,,,No,As new
470,Immoweb code : 9205262,395000€,AugusteReyerslaan1111030—Schaerbeek,Apartmentforsale,140,3,Installed,,,,,65,,2,,As new
471,Immoweb code : 9192991,395000€,Gulledelle991200—Woluwe-Saint-Lambert,Apartmentforsale,127,3,Hyper equipped,15,No,,,,,3,No,As new
472,Immoweb code : 9228215,395000€,Oud-Strijdersstraat71ABox1023020—Herent,Apartmentforsale,120,3,Hyper equipped,10,No,,,,,2,,Good
473,Immoweb code : 9299474,370000€,RueHenrotte231150—Woluwe-St-Pierre,Apartmentforsale,100,2,Hyper equipped,2,No,,,,,2,,As new
474,Immoweb code : 9249666,330000€,LangeHerentalsestraat14Box00012018—Antwerp,Groundfloorforsale,82,2,Semi equipped,,No,,,30,,2,,As new
475,Immoweb code : 9319214,338500€,RueEspinthe516900—Marche-en-Famenne,Duplexforsale,188,3,Installed,13,No,,,,,4,,As new
476,Immoweb code : 9303436,380000€,RuedeHaerne301040—Etterbeek,Duplexforsale,115,2,Installed,,No,,,,,3,No,Good
477,Immoweb code : 9278764,335000€,RuePierreTimmermans191090—Jette,Apartmentforsale,155,4,Hyper equipped,,No,,,,,2,No,As new
478,Immoweb code : 9260742,339000€,ruedesConfédérés281040—Etterbeek,Apartmentforsale,80,2,USA hyper equipped,,No,,,,,2,No,As new
479,Immoweb code : 9260741,339000€,ruedesConfédérés281040—Etterbeek,Apartmentforsale,80,2,USA hyper equipped,,No,,,,,2,No,As new
480,Immoweb code : 9249090,339000€,"Gounodstraat7,32018—Antwerp",Apartmentforsale,125,3,Hyper equipped,3,No,,,,,2,,Good
481,Immoweb code : 9272904,340000€,RueVeronese151000—Bruxelles,Apartmentforsale,70,2,USA hyper equipped,,No,,,,,2,No,As new
482,Immoweb code : 9287603,345000€,Sint-Truidensesteenweg125Box23350—Linter,Penthouseforsale,135,3,Installed,,No,,,,,2,,Good
483,Immoweb code : 9287602,345000€,Sint-Truidensesteenweg125Box23350—Linter,Apartmentforsale,135,3,Installed,,No,,,,,2,,Good
484,Immoweb code : 9187704,345000€,Kloosterstraat39Box53640—Kinrooi,Penthouseforsale,128,3,,42,No,,,,,,,Good
485,Immoweb code : 9156811,365000€,Prof.Scharpélaan70Box33130—BETEKOM,Penthouseforsale,162,3,Installed,18,No,,,,,,,Good
486,Immoweb code : 9104280,367000€,AvenueDeFre139Box81180—Uccle,Apartmentforsale,120,3,Hyper equipped,36,No,,,,,3,No,Good
487,Immoweb code : 9260743,375000€,ruedesConfédérés281040—Etterbeek,Duplexforsale,75,2,USA hyper equipped,12,No,,,,,2,No,As new
488,Immoweb code : 9267475,375000€,Marktstraat21785—Merchtem,Apartmentforsale,103,2,Hyper equipped,23,No,,,,,,,Good
489,Immoweb code : 9236957,395000€,Ruedevergnies411050—Ixelles,Apartmentforsale,107,2,Hyper equipped,,,,,,,2,,Good
490,Immoweb code : 9182268,379000€,Kasseiweg2820—Bonheiden,Apartmentforsale,100,2,Installed,10,No,,,,,3,,
491,Immoweb code : 9231759,315000€,Diegemstraat149Box0011930—Zaventem,Apartmentforsale,100,2,Hyper equipped,20,No,,,150,,2,,Just renovated
492,Immoweb code : 9205506,349000€,Dijk38BoxC0212861—Sint-Katelijne-WaverOnze-Lieve-Vrouw-Waver,Apartmentforsale,89,1,Hyper equipped,24,No,,,,,3,,As new
493,Immoweb code : 9293880,319500€,Mechelsesteenweg265B2550—Kontich,Apartmentforsale,110,3,Semi equipped,16,No,,,,,3,,Good
494,Immoweb code : 9218725,310000€,LennekeMarelaan42Box721932—St-Stevens-Woluwe,Apartmentforsale,110,3,Hyper equipped,,No,,,,,3,,Good
495,Immoweb code : 9246283,340000€,Komvest116Boxa38000—Brugge,Apartmentforsale,122,1,Installed,,No,,,,,,,Good
496,Immoweb code : 9183990,345000€,Grardplein21Box6048670—Saint-Idesbald,Apartmentforsale,78,3,USA hyper equipped,5,Yes,,,,,3,,Good
497,Immoweb code : 9307768,329900€,FransBirontlaan12600—Berchem,Apartmentforsale,107,2,Installed,21,No,,,,,,,Just renovated
498,Immoweb code : 9295111,369000€,Antwerpsesteenweg332500—Lier,Apartmentforsale,122,2,Hyper equipped,7,No,,,,,2,,Just renovated
499,Immoweb code : 9295112,389000€,Antwerpsesteenweg332500—Lier,Apartmentforsale,98,2,Hyper equipped,27,No,,,,,2,,Just renovated
500,Immoweb code : 9297207,329000€,Sterstraat15Box01012018—Antwerp,Apartmentforsale,122,1,Semi equipped,,No,,,26,,2,,Good
501,Immoweb code : 9317559,310000€,Smalvoortstraat66Box12300—Turnhout,Apartmentforsale,155,2,Hyper equipped,35,No,,,,,3,,As new
502,Immoweb code : 9304345,389000€,Laar272630—Aartselaar,Apartmentforsale,138,2,Installed,35,No,,,,,,,Just renovated
503,Immoweb code : 9285196,305000€,Nationalestraat10Box42000—Antwerp,Duplexforsale,88,2,USA hyper equipped,15,No,,,,,2,,As new
504,Immoweb code : 9152446,315000€,Koninginnelaan14Box03018430—Middelkerke,Apartmentforsale,84,2,Installed,,No,,,,,2,,Good
505,Immoweb code : 9253851,350000€,ruedeJoie85bte344000—LIEGE1,Apartmentforsale,85,2,,5,,,,,,,,As new
506,Immoweb code : 9227652,380000€,"Brigantijnenstraat4,06048400—Oostende",Apartmentforsale,84,2,Not installed,,No,,,,,2,,Good
507,Immoweb code : 9295979,399000€,"Martelarenlaan4,06013000—Leuven",Apartmentforsale,104,2,Installed,5,No,,,,,2,,Good
508,Immoweb code : 9277510,365000€,SquareSainctelette81000—Bruxellesville,Apartmentforsale,110,2,Installed,,No,,,,,2,No,Good
509,Immoweb code : 9006331,396000€,"Stapelhuisplein3,2043000—Leuven",Apartmentforsale,88,1,Hyper equipped,15,No,,,,,2,,
510,Immoweb code : 9203587,398000€,Ledeganckkaai21Box3022000—Antwerp,Serviceflatforsale,57,1,USA hyper equipped,18,No,,,,,4,,
511,Immoweb code : 9303130,305000€,RueVictorOudart11030—Schaerbeek,Penthouseforsale,100,2,Installed,,No,,,,,3,,Good
512,Immoweb code : 9251953,320000€,AvenueLouisBertrand1021030—Schaerbeek,Apartmentforsale,110,3,USA installed,9,,,,,,,,Good
513,Immoweb code : 9287209,324500€,OttoVeniusstraat19Box212000—Antwerp,Apartmentforsale,100,2,USA hyper equipped,8,No,,,300,,2,,As new
514,Immoweb code : 9215819,325000€,JeanvanHinsberghstraat29Box5G8430—Middelkerke,Apartmentforsale,109,3,Installed,,No,,,,,2,,Good
515,Immoweb code : 9113478,325000€,Zeedijk192Box08018430—Middelkerke,Apartmentforsale,100,2,Installed,,No,,,,,2,,Good
516,Immoweb code : 9192993,330000€,RuedeVoroux43Box134450—Juprelle,Duplexforsale,182,3,USA hyper equipped,14,No,,,,,4,No,As new
517,Immoweb code : 9153862,335000€,Zeedijk155Box01018430—Middelkerke,Apartmentforsale,75,2,Installed,,Yes,,,,,,,Good
518,Immoweb code : 9107203,340000€,"Guldendelle4,211930—ZaventemNossegem",Apartmentforsale,86,2,Hyper equipped,12,,,,,,,No,As new
519,Immoweb code : 9244143,365000€,"RectordeSomerplein3,3013000—Leuven",Apartmentforsale,81,1,Installed,,No,,,,,2,,Good
520,Immoweb code : 8749733,395000€,AvenueduPerou771000—Bruxelles,Apartmentforsale,170,3,USA hyper equipped,15,No,,,,,3,No,Good
521,Immoweb code : 8750878,395000€,AvenueduPerou771050—Ixelles,Apartmentforsale,170,3,USA hyper equipped,15,No,,,,,3,,Good
522,Immoweb code : 9249402,399000€,Hofstraat22160—Wommelgem,Penthouseforsale,162,2,Hyper equipped,60,No,,,,,2,,Just renovated
523,Immoweb code : 9313671,349000€,RueGeneralGratry31030—Schaerbeek,Apartmentforsale,90,2,USA hyper equipped,,No,,,,,2,,As new
524,Immoweb code : 9158121,345000€,Umafolaan11Box33020—Herent,Apartmentforsale,107,2,Hyper equipped,21,No,,,,,,,Good
525,Immoweb code : 9305846,395000€,Dennenlaan161700—Dilbeek,Apartmentforsale,110,2,Hyper equipped,75,No,,,,,3,,As new
526,Immoweb code : 9297212,399000€,Papenbruggestraat76Box42300—Turnhout,Apartmentforsale,190,2,Installed,,No,,,,,2,,As new
527,Immoweb code : 9317431,375000€,Ledeganckkaai21Box0012000—Antwerp,Serviceflatforsale,72,1,USA hyper equipped,8,No,,,,,4,,
528,Immoweb code : 9277321,345000€,Frankrijklei35Box12000—Antwerp,Apartmentforsale,140,2,,10,No,,,,,2,,Just renovated
529,Immoweb code : 7483389,395000€,KoninginAstridlaan392550—Kontich,Apartmentforsale,80,1,Installed,12,No,,,,,2,,Good
530,Immoweb code : 9297460,349000€,1040—Etterbeek|Askfortheexactaddress,Apartmentforsale,80,2,Hyper equipped,2,No,1,1,,,2,,Good
531,Immoweb code : 9316827,335000€,"Esmoreitlaan5,142050—Linkeroever",Apartmentforsale,94,2,Installed,,No,,,,,,No,Good
532,Immoweb code : 9241885,330000€,Brugstraat55BoxGV2960—SINT-JOB-IN-'T-GOOR,Apartmentforsale,120,3,Installed,65,No,,,365,,2,,As new
533,Immoweb code : 9250040,335000€,Zeedijk275Box8DE8430—Middelkerke,Apartmentforsale,79,2,Installed,,Yes,,,,,2,,Good
534,Immoweb code : 9270726,345000€,Schanslaan552150—Borsbeek,Groundfloorforsale,95,3,USA installed,,No,,,,,2,,Good
535,Immoweb code : 9290257,359000€,"Romeroplein5,3012200—Herentals",Apartmentforsale,179,3,,18,No,,,,,2,,Good
536,Immoweb code : 8967048,360000€,St.-Theresiastraat10Box06028430—Middelkerke,Apartmentforsale,62,2,Installed,,No,,,,,3,,Good
537,Immoweb code : 9138831,375000€,Zeedijk1868430—Middelkerke,Apartmentforsale,,2,Installed,,Yes,,,,,,,Good
538,Immoweb code : 9173385,376000€,Fabriekstraat24Box00011930—Zaventem,Apartmentforsale,113,2,Installed,8,No,,,200,,2,,Good
539,Immoweb code : 9085033,379000€,Fabriekstraat24Box0131930—Zaventem,Apartmentforsale,122,2,Installed,42,No,,,,,2,,Good
540,Immoweb code : 9229063,385000€,VanBreestraat10Box32018—Antwerp1,Apartmentforsale,156,3,,,,,,,,1,,Good
541,Immoweb code : 9267477,395000€,Marktstraat21785—Merchtem,Apartmentforsale,130,3,Hyper equipped,8,No,,,,,2,,Good
542,Immoweb code : 9307262,385000€,BoulevardaugusteReyers81030—Schaerbeek,Apartmentforsale,100,3,USA hyper equipped,4,No,,,,,,No,Just renovated
543,Immoweb code : 9269055,332501€,Muntstraat3Boxbus72800—Mechelen,Serviceflatforsale,97,2,,8,No,,,,,2,,Good
544,Immoweb code : 9311012,395000€,Hogeweg1749000—Gand,Duplexforsale,109,2,Hyper equipped,20,No,,,,,2,Yes,As new
545,Immoweb code : 9299281,385000€,1500—Halle|Askfortheexactaddress,Apartmentforsale,148,3,Installed,,No,,,,,,,Good
546,Immoweb code : 9255464,310000€,Leeuwerikenstraat45Box013001—Leuven,Apartmentforsale,101,3,Installed,,No,,,,,,No,Good
547,Immoweb code : 9177351,325000€,Moerplas61Box212870—PuursSint-Amands,Penthouseforsale,180,3,Installed,57,No,,,,,,,Good
548,Immoweb code : 9287409,330000€,"Hoogstraat3,11930—Zaventem",Penthouseforsale,80,2,Hyper equipped,14,No,,,,,,No,As new
549,Immoweb code : 9249210,335000€,"Stationsstraat8,2.12200—Herentals",Penthouseforsale,101,1,USA hyper equipped,,No,,,,,4,,As new
550,Immoweb code : 9169038,339000€,RueduDoyenné1201180—Uccle,Apartmentforsale,90,2,Installed,45,No,,,,,2,No,Good
551,Immoweb code : 9125408,345000€,Bredabaan391Box20042930—Brasschaat,Duplexforsale,125,2,Installed,4,No,,,,,,No,Good
552,Immoweb code : 9267417,349000€,"KoninginAstridlaan7,0102550—Kontich",Duplexforsale,170,3,Installed,10,No,,,,,,No,As new
553,Immoweb code : 9237000,350000€,Mulslaan65Box21820—Steenokkerzeel,Duplexforsale,120,2,Hyper equipped,36,No,,,,,,,As new
554,Immoweb code : 9279432,365000€,JulesBordetstraat29Box0022018—ANTWERPEN2018,Apartmentforsale,90,2,Installed,14,No,,,,,,,Good
555,Immoweb code : 8997384,365000€,Zeedijk133/b18400—Oostende,Apartmentforsale,90,2,Installed,,Yes,,,,,2,No,As new
556,Immoweb code : 9238166,375000€,RueduPrésident731050—Brussel-Louise,Duplexforsale,100,2,Installed,12,,,,,,2,,Good
557,Immoweb code : 9247927,379000€,Regentiestraat29Box29100—Sint-Niklaas,Loftforsale,200,1,Hyper equipped,60,No,,,,,,,As new
558,Immoweb code : 9308687,307500€,Verbondstraat95Box0012000—Antwerp,Apartmentforsale,71,2,Semi equipped,10,No,,,,,2,,Good
559,Immoweb code : 9295113,369000€,Antwerpsesteenweg332500—Lier,Groundfloorforsale,84,2,Hyper equipped,,No,,,59,,2,,Just renovated
560,Immoweb code : 9156812,340000€,PastoorPitetlaan183130—BETEKOM,Apartmentforsale,127,2,Installed,12,No,,,,,,,
561,Immoweb code : 9306337,345000€,"Ellermanstraat8,22000—Antwerp",Apartmentforsale,115,2,,12,No,,,,,,,
562,Immoweb code : 8006766,From 169500€ To 326223€,4520—Wanze|Askfortheexactaddress,LaCourneuve,,,,,,,,,,,,
563,Immoweb code : 9175325,From 203500€ To 335000€,Veltwijcklaan2422180—Ekeren,Newrealestateproject-Apartmentsforsale,,,,,,,,,,,,
564,Immoweb code : 9117873,From 325000€ To 465000€,3120—Tremelo|Askfortheexactaddress,"Residentie""Louis""",,,,,,,,,,,,
565,Immoweb code : 8902929,From 330500€ To 386000€,Astridlaan4608310—Brugge,ResidentieMargriet,,,,,,,,,,,,
566,Immoweb code : 9317258,375000€,Diestsesteenweg4663010—Kessel-Lo,Duplexforsale,160,2,Hyper equipped,17,No,,,,,,,As new
567,Immoweb code : 9303810,325000€,GuidoGezellestraat922630—Aartselaar,Apartmentforsale,85,2,Not installed,33,No,,,,,,,
568,Immoweb code : 9303123,389000€,KardinaalSterckxstraat62530—Boechout,Duplexforsale,144,2,,,No,,,50,,2,,As new
569,Immoweb code : 9258328,310000€,ChausséedeWaterloo4751050—Ixelles,Apartmentforsale,95,1,Installed,,No,,,,,2,,Good
570,Immoweb code : 9215820,325000€,Zeedijk46Box08018430—Middelkerke,Apartmentforsale,106,2,Not installed,,No,,,,,2,,To renovate
571,Immoweb code : 8860858,345000€,"Zeedijk7,0018370—Blankenberge",Apartmentforsale,120,3,Installed,,Yes,,,,,2,,Good
572,Immoweb code : 9059445,369000€,Elslo49Box02019940—Evergem,Apartmentforsale,141,2,,,No,,,,,4,,Good
573,Immoweb code : 9278218,399000€,IJsfabriek7/01011853—Strombeek-Bever,Duplexforsale,161,3,Hyper equipped,6,No,,,,,3,No,As new
574,Immoweb code : 9313979,330000€,Hekelgemstraat24Box129320—Erembodegem,Apartmentforsale,89,2,Hyper equipped,8,,,,,,2,,As new
575,Immoweb code : 9255139,309000€,Tichelarijstraat68Box72300—Turnhout,Apartmentforsale,115,3,Hyper equipped,14,No,,,,,3,,As new
576,Immoweb code : 9173242,310000€,9000—Gent|Askfortheexactaddress,Apartmentforsale,87,2,Semi equipped,,No,,,,,2,,Good
577,Immoweb code : 9264316,325000€,Leuvensesteenweg441Box63070—Kortenberg,Apartmentforsale,108,2,Installed,,No,,,,,2,,Good
578,Immoweb code : 9236810,329000€,QuintenMatsijslei312018—Antwerp,Apartmentforsale,105,3,Hyper equipped,4,No,,,,,2,,Good
579,Immoweb code : 9203615,329000€,Osystraat352060—Antwerp,Duplexforsale,112,1,USA hyper equipped,25,No,,,,,2,,As new
580,Immoweb code : 9265485,335000€,Kapelsesteenweg456Box12930—Brasschaat,Apartmentforsale,117,3,Hyper equipped,20,No,,,,,,No,As new
581,Immoweb code : 9263578,349000€,Garibaldistraat59Box11060—St-Gilles,Apartmentforsale,120,2,Installed,4,No,,,,,1,,Good
582,Immoweb code : 8932287,349000€,Gistelsesteenweg114Box18200—Brugge,Apartmentforsale,170,3,Installed,18,No,,,,,,No,As new
583,Immoweb code : 9163735,349000€,9400—Ninove|Askfortheexactaddress,Apartmentforsale,100,2,Hyper equipped,15,No,,,,,2,,Good
584,Immoweb code : 8974414,365000€,8300—KNOKKE|Askfortheexactaddress,Apartmentforsale,55,1,Installed,5,No,,,,,2,,Good
585,Immoweb code : 9068177,369000€,VictorAmeryckxstraat13Box21860—Meise,Apartmentforsale,130,3,Hyper equipped,10,No,,,,,,,As new
586,Immoweb code : 8896931,379000€,8300—KNOKKE|Askfortheexactaddress,Apartmentforsale,75,2,Installed,10,No,,,,,2,,As new
587,Immoweb code : 9276130,380000€,8300—KNOKKE|Askfortheexactaddress,Apartmentforsale,89,2,Installed,17,No,,,,,2,,Good
588,Immoweb code : 9276129,390000€,8301—Heist-aan-Zee|Askfortheexactaddress,Apartmentforsale,92,2,Hyper equipped,10,No,,,,,2,,Good
589,Immoweb code : 9269962,395000€,"RuedelaLisière4,11340—Ottignies-Louvain-la-Neuve",Apartmentforsale,111,3,Semi equipped,,No,,,,,,,As new
590,Immoweb code : 9227762,399000€,"Galgebergstraat6,43000—Leuven",Apartmentforsale,104,2,Installed,,No,,,,,2,,Just renovated
591,Immoweb code : 9120525,399000€,"Galgebergstraat6,43000—Leuven",Apartmentforsale,104,2,Installed,,No,,,,,2,,Just renovated
592,Immoweb code : 9039025,339750€,ChausséedeMons691-6931070—Anderlecht,Penthouseforsale,122,2,USA hyper equipped,14,No,,,,,,,As new
593,Immoweb code : 9309870,357000€,AVJRCollon621200—Woluwe-St-Lambert,Apartmentforsale,102,2,Hyper equipped,2,No,,,,,2,,As new
594,Immoweb code : 9310092,382000€,AvenueEugèneDemolder1101030—Schaerbeek,Apartmentforsale,126,2,Hyper equipped,4,No,,,,,2,,As new
595,Immoweb code : 9315465,375000€,1150—WOLUWE-SAINT-PIERRE|Askfortheexactaddress,Apartmentforsale,104,3,Installed,2,,1,1,,,2,,Good
596,Immoweb code : 9125258,310000€,chausséedeNamur138Box55537—ANHÉE,Apartmentforsale,109,2,Installed,16,No,,,,,4,,
597,Immoweb code : 9125259,320000€,chausséedeNamur138Box65537—ANHÉE,Apartmentforsale,90,2,Installed,85,No,,,,,4,,
598,Immoweb code : 9272238,343200€,Oeveldorp132260—Westerlo,Penthouseforsale,142,3,USA hyper equipped,28,No,,,,,2,,
599,Immoweb code : 9221277,349000€,Antwerpsesteenweg61Box1012950—Kapellen,Apartmentforsale,112,2,Hyper equipped,8,No,,,,,2,,
600,Immoweb code : 9246163,589000€,8300—Knokke|Askfortheexactaddress,Groundfloorforsale,95,3,,10,No,,,,,2,,Good
601,Immoweb code : 9248981,595000€,1050—Ixelles|Askfortheexactaddress,Apartmentforsale,132,2,USA hyper equipped,,No,,,,,,No,As new
602,Immoweb code : 9248237,595000€,1050—Ixelles|Askfortheexactaddress,Apartmentforsale,132,2,USA hyper equipped,,No,,,,,,No,As new
603,Immoweb code : 9248207,595000€,1060—Saint-Gilles|Askfortheexactaddress,Apartmentforsale,132,2,USA hyper equipped,,No,,,,,,No,As new
604,Immoweb code : 9248206,595000€,1060—Saint-Gilles|Askfortheexactaddress,Apartmentforsale,132,2,USA hyper equipped,,No,,,,,,No,As new
605,Immoweb code : 8744297,595000€,8420—Wenduine|Askfortheexactaddress,Apartmentforsale,148,,Installed,23,No,,,,,2,,
606,Immoweb code : 9251888,600000€,1180—Uccle|Askfortheexactaddress,Apartmentforsale,120,2,Hyper equipped,30,No,,,,,3,,
607,Immoweb code : 9189604,635000€,Zeedijk16Box06018620—Nieuwpoort,Apartmentforsale,85,3,,,,,,,,,,Good
608,Immoweb code : 9090765,675000€,Academiestraat29000—Gent,Apartmentforsale,,2,Installed,,No,,,,,2,No,As new
609,Immoweb code : 9020061,725000€,7700—Mouscron|Askfortheexactaddress,Apartmentforsale,330,5,Installed,,No,,,,,4,No,As new
610,Immoweb code : 8727542,725000€,8530—Harelbeke|Askfortheexactaddress,Penthouseforsale,208,3,Hyper equipped,,No,,,,,,No,As new
611,Immoweb code : 9224089,825000€,LangeViolettestraat749000—Gent,Penthouseforsale,225,4,,,,,,,,,,
612,Immoweb code : 9120977,980000€,Waalsekaai61Box1.22000—Antwerp,Apartmentforsale,194,3,Installed,10,No,,,,,2,No,As new
613,Immoweb code : 9222196,1160692€,Sint-Annaplein39000—Gent,Penthouseforsale,201,3,Hyper equipped,110,,,,,,3,,As new
614,Immoweb code : 9191176,1210000€,Heidekapelstraat20Box1019250—Waasmunster,Penthouseforsale,355,4,Installed,74,No,,,8400,,4,No,
615,Immoweb code : 8030430,1295000€,Patriottenstraat708300—Knokke,Apartmentforsale,124,3,,3,,,,,,,No,
616,Immoweb code : 8127943,1350000€,Zeedijk-Albertstrand549/B18300—Knokke-Heist,Apartmentforsale,117,3,USA hyper equipped,,No,,,,,,No,
617,Immoweb code : 9120978,1795000€,Waalsekaai61Box1.22000—Antwerp,Penthouseforsale,180,2,Installed,40,No,,,,,2,No,As new
618,Immoweb code : 9118992,2300000€,Zoutelaan988300—Knokke-Zoute,Apartmentforsale,278,3,,30,,,,,,,No,
619,Immoweb code : 9273623,2425000€,8300—Knokke-HeistKnokke|Askfortheexactaddress,Apartmentforsale,158,4,,12,No,,,,,2,No,Good
620,Immoweb code : 8385058,3297000€,1050—Ixelles|Askfortheexactaddress,Apartmentforsale,305,3,,166,No,,,,,,No,Just renovated
621,Immoweb code : 9301451,Reserve price : 190000€,AvenueduMonde551400—Nivelles,Apartmentforsale,,2,,,,,,,,,,Good
622,Immoweb code : 9301233,Reserve price : 385000€,ChausséedeWavre2511050—Ixelles,Apartmentforsale,,1,,,,,,,,,,
623,Immoweb code : 9244837,413500€,Meersstraat9000—Gent,Apartmentforsale,101,2,,10,No,,,,,,,As new
624,Immoweb code : 8818636,418000€,"Meersstraat30,8790—Waregem",Apartmentforsale,121,3,Installed,26,No,,,,,2,No,As new
625,Immoweb code : 9244836,418000€,Meersstraat9000—Gent,Apartmentforsale,97,2,,14,No,,,,,,,As new
626,Immoweb code : 9244847,423000€,Meersstraat9000—Gent,Apartmentforsale,95,2,,14,No,,,,,,,As new
627,Immoweb code : 9244846,426500€,Meersstraat9000—Gent,Apartmentforsale,92,2,,14,No,,,,,,,As new
628,Immoweb code : 9301348,439000€,1030—Schaerbeek|Askfortheexactaddress,Duplexforsale,275,7,Installed,,No,,,,,3,,To be done up
629,Immoweb code : 9290913,475000€,1070—Anderlecht|Askfortheexactaddress,Apartmentforsale,131,3,USA hyper equipped,67,,,,,,,,As new
630,Immoweb code : 9244844,508500€,Meersstraat9000—Gent,Apartmentforsale,127,2,,19,No,,,,,,,As new
631,Immoweb code : 9244843,522500€,Meersstraat9000—Gent,Apartmentforsale,127,3,,18,No,,,,,,,As new
632,Immoweb code : 8517759,1349000€,"Gasmeterlaan125,9000—Gent",Penthouseforsale,313,3,Installed,80,No,,,,,2,No,
633,Immoweb code : 8203791,1349000€,"Gasmeterlaan125,9000—Gent",Penthouseforsale,313,3,Installed,80,No,,,,,2,No,
634,Immoweb code : 9318093,412335€,Cardijnlaan54/02.018890—Dadizele,Apartmentforsale,166,3,,166,,,,,,,No,
635,Immoweb code : 9293717,Reserve price : 80000€,RuedesFloralies891200—Woluwe-Saint-Lambert,Studioforsale,,1,Installed,,,,,,,,,
636,Immoweb code : 9294137,Reserve price : 150000€,RueKeyenveld651050—Ixelles,Apartmentforsale,,2,Installed,,,,,,,,,
637,Immoweb code : 9294040,1190000€,1050—Ixelles|Askfortheexactaddress,Apartmentforsale,213,3,USA hyper equipped,59,No,,,200,,2,,
638,Immoweb code : 9051797,From 82500€ To 500000€,"LeopoldIILaan5,8420—Wenduine",Maï-Line,,,,,,,,,,,,
639,Immoweb code : 8985244,From 233000€ To 498000€,RueduGonhy614100—Boncelles,OXYGEN,,,,,,,,,,,,
640,Immoweb code : 9070230,From 275000€ To 405000€,FredericVanDerNootstraat339300—Aalst,Kaai33,,,,,,,,,,,,
641,Immoweb code : 9086144,From 278800€ To 449500€,Rammelstraat469340—Lede,LEDECENTRUM-RESIDENTIE,,,,,,,,,,,,
642,Immoweb code : 9139452,From 280000€ To 690000€,RuedeSpangen81341—Ottignies-Louvain-la-Neuve,LeDomainedeFranquenies,,,,,,,,,,,,
643,Immoweb code : 9113294,From 282450€ To 434700€,Beverensestraat398850—Ardooie,Gardeno,,,,,,,,,,,,
644,Immoweb code : 7697843,From 289000€ To 400000€,1500—Halle|Askfortheexactaddress,Sequoia,,,,,,,,,,,,
645,Immoweb code : 8909156,From 310000€ To 460000€,Brouwersstraat43000—Leuven,TheVine,,,,,,,,,,,,
646,Immoweb code : 8818950,From 363000€ To 510000€,Duinenwater2-68300—Knokke,Newrealestateproject-Apartmentsforsale,,,,,,,,,,,,
647,Immoweb code : 9200229,From 369000€ To 445000€,Franslaan8620—Nieuwpoort,LectusIX,,,,,,,,,,,,
648,Immoweb code : 8884633,From 372000€ To 418000€,Deuzeldlaan212900—Schoten,Newrealestateproject-Apartmentsforsale,,,,,,,,,,,,
649,Immoweb code : 9287404,From 445000€ To 495000€,1420—Braine-l'Alleud|Askfortheexactaddress,RésidenceMont-Saint-Jean,,,,,,,,,,,,
650,Immoweb code : 8323048,455000€,Mgr.VanWaeyenberghlaan53000—Leuven,Newrealestateproject-Apartmentsforsale,,,,,,,,,,,,
651,Immoweb code : 8789078,589000€,PaulParmentierlaan1618300—Knokke-Heist,Newrealestateproject-Apartmentsforsale,,,,,,,,,,,,
652,Immoweb code : 8842978,From 635000€ To 788000€,"Koninginnelaan94,8670—Sint-Idesbald",Koningshof-LaRomanée,,,,,,,,,,,,
653,Immoweb code : 8702653,675000€,AlbertI-Promenade418400—Oostende,DiePrince,,,,,,,,,,,,
654,Immoweb code : 9265531,Reserve price : 40000€,EsplanadedelaPaix3044040—Herstal,Groundfloorforsale,,2,,,,,,,,,,
655,Immoweb code : 9265290,Reserve price : 45000€,RuesurMeuse35424500—Huy,Apartmentforsale,,2,,,,,,,,,,To renovate
656,Immoweb code : 9286361,Reserve price : 60000€,BoulevardduJardinBotanique31000—Bruxelles,Studioforsale,,1,Installed,,,,,,,,,
657,Immoweb code : 9286360,Reserve price : 70000€,BoulevardduJardinBotanique31000—Bruxelles,Studioforsale,,1,Installed,,,,,,,,,
658,Immoweb code : 9247502,Reserve price : 85000€,Luxemburgstraat1/38400—Oostende,Apartmentforsale,,1,Installed,,,,,,,,,
659,Immoweb code : 9228989,Reserve price : 115000€,Bareelstraat452300—Turnhout,Apartmentforsale,108,3,,,,,,,,,,
660,Immoweb code : 9187257,Reserve price : 139000€,SecretarisMeyerlei8922170—Merksem,Apartmentforsale,,2,,,,,,,,2,,
661,Immoweb code : 9281848,Reserve price : 140000€,AvenueMarcelThiry141200—Woluwe-Saint-Lambert,Apartmentforsale,,1,Installed,,,,,,,,,
662,Immoweb code : 9216141,Reserve price : 160000€,Diestersesteenweg440013583—Paal,Duplexforsale,,2,,,,,,,,3,,
663,Immoweb code : 9280946,Reserve price : 190000€,Holstraat74/01019000—Gent,Apartmentforsale,,2,,,,,,,,,,
664,Immoweb code : 9271964,Reserve price : 300000€,Arbeidsstraat272500—Lier,Apartmentforsale,130,3,,,,,,,,2,,
665,Immoweb code : 9253304,Reserve price : 420000€,AntoineBréartstraat1-58300—Knokke-Heist,Apartmentforsale,,2,,,,,,,,2,,
666,Immoweb code : 9234650,435000€,GraafvanLandaststraat3A9700—EINE,Loftforsale,,1,,,No,,,,,,,
667,Immoweb code : 9234559,495000€,8300—Knokke|Askfortheexactaddress,Apartmentforsale,75,2,Installed,,No,,,,,,,As new
668,Immoweb code : 9255146,515000€,8301—Duinbergen|Askfortheexactaddress,Apartmentforsale,93,2,Installed,,,,,,,2,,As new
669,Immoweb code : 9269702,540000€,1050—Ixelles|Askfortheexactaddress,Apartmentforsale,171,3,Installed,3,No,,,,,2,,
670,Immoweb code : 8889281,549000€,"Koninginlaan1,8370—Blankenberge",Apartmentforsale,340,5,,,No,,,,,2,,Good
671,Immoweb code : 9213045,550000€,Ullensstraat82610—Wilrijk,Loftforsale,230,2,Hyper equipped,33,,,,,,,,As new
672,Immoweb code : 9256731,569000€,9700—Oudenaarde|Askfortheexactaddress,Apartmentforsale,280,5,,,No,,,,,4,,Just renovated
673,Immoweb code : 9256730,569000€,9700—Oudenaarde|Askfortheexactaddress,Duplexforsale,280,5,,,No,,,,,4,,Just renovated
674,Immoweb code : 9082781,575000€,Dorp99260—WichelenSchellebelle,Apartmentforsale,,5,Installed,,No,,,,,3,,To be done up
675,Immoweb code : 9162679,590000€,Dewittelaan19/02018670—Oostduinkerke,Apartmentforsale,90,2,,,Yes,,,,,,No,
676,Immoweb code : 9147701,595000€,1190—Forest|Askfortheexactaddress,Apartmentforsale,142,2,,10,No,,,,,2,,As new
677,Immoweb code : 9007165,595000€,3120—Tremelo|Askfortheexactaddress,Apartmentforsale,463,3,Hyper equipped,125,No,,,,,4,No,Good
678,Immoweb code : 9082598,599000€,1000—Bruxelles|Askfortheexactaddress,Apartmentforsale,81,1,USA hyper equipped,,No,,,,,2,,
679,Immoweb code : 9170463,610000€,"Krokussenpad2,8301—Knokke-Heist",Apartmentforsale,110,3,,,No,,,,,2,,Good
680,Immoweb code : 9116344,695000€,1180—Uccle|Askfortheexactaddress,Apartmentforsale,195,4,Semi equipped,6,No,,,,,3,,As new
681,Immoweb code : 9273835,695000€,NestordeTièrestraat14/0.28300—Knokke-Heist,Apartmentforsale,112,2,,,,,,,,,No,
682,Immoweb code : 9273819,695000€,8300—Knokke-Heist|Askfortheexactaddress,Apartmentforsale,106,2,,,No,,,,,,No,As new
683,Immoweb code : 8877115,729000€,"Dweersstraat12,8000—Brugge",Triplexforsale,380,4,,,No,,,,,2,,Good
684,Immoweb code : 9285531,769000€,8300—Knokke|Askfortheexactaddress,Apartmentforsale,93,3,Installed,,Yes,,,,,,No,
685,Immoweb code : 9270602,785000€,1420—Braine-l'Alleud|Askfortheexactaddress,Groundfloorforsale,205,4,Hyper equipped,80,,,,,,3,,As new
686,Immoweb code : 9186276,850000€,1180—Uccle|Askfortheexactaddress,Penthouseforsale,216,3,USA hyper equipped,24,No,,,,,4,,Good
687,Immoweb code : 9215072,990000€,8300—Knokke-Zoute|Askfortheexactaddress,Apartmentforsale,,2,,,No,,,,,,No,As new
688,Immoweb code : 9214870,990000€,8300—Knokke-Heist|Askfortheexactaddress,Apartmentforsale,62,2,,,,,,,,,,As new
689,Immoweb code : 9075454,995000€,3700—Tongeren|Askfortheexactaddress,Apartmentforsale,300,2,Hyper equipped,20,No,,,,,4,,As new
690,Immoweb code : 9056325,995000€,3700—Tongres|Askfortheexactaddress,Apartmentforsale,300,2,Hyper equipped,20,No,,,,,,,As new
691,Immoweb code : 7186112,995000€,8300—Knokke|Askfortheexactaddress,Duplexforsale,,3,Installed,,No,,,,,,No,As new
692,Immoweb code : 8976015,1399000€,8300—Knokke|Askfortheexactaddress,Apartmentforsale,155,3,Hyper equipped,,No,,,,,,No,As new
693,Immoweb code : 9242507,1720000€,Zandstraat1/2.18300—Knokke,Apartmentforsale,82,2,,,,,,,,,,
694,Immoweb code : 9287996,1985000€,Kustlaan1458300—Knokke,Apartmentforsale,180,4,,,,,,,,,No,
695,Immoweb code : 9270797,2835000€,Zeedijk-Duinbergen301/918300—Knokke,Apartmentforsale,,4,,,Yes,,,,,,No,
696,Immoweb code : 8842252,3000000€,1050—Ixelles|Askfortheexactaddress,Apartmentforsale,390,4,,,No,,,,,,,Just renovated
697,Immoweb code : 9294658,615000€,8300—Knokke-Heist|Askfortheexactaddress,Apartmentforsale,82,2,Installed,,Yes,,,,,,No,As new
698,Immoweb code : 9301119,Reserve price : 73500€,Winterslagstraat4873600—Genk,Apartmentforsale,,1,Installed,,,,,,,,,
699,Immoweb code : 8671176,420000€,1970—Wezembeek-Oppem|Askfortheexactaddress,Penthouseforsale,97,2,USA hyper equipped,49,No,,,,,,No,
700,Immoweb code : 9177468,420000€,Nieuwpoortsteenweg18670—Koksijde,Apartmentforsale,165,3,Hyper equipped,22,,,,,,2,,
701,Immoweb code : 9232775,446738€,DePintelaan2619000—Gent,Apartmentforsale,120,3,Hyper equipped,47,No,,,,,3,No,As new
702,Immoweb code : 9119290,465000€,HubertFrere-Orbanlaan240-245Box6.229000—Gent,Apartmentforsale,91,2,,6,,,,,,2,,As new
703,Immoweb code : 7503391,478000€,9950—Waarschoot|Askfortheexactaddress,Apartmentforsale,113,2,,44,,,,,,,No,
704,Immoweb code : 9140036,1600000€,1000—Bruxelles|Askfortheexactaddress,Penthouseforsale,220,2,,36,No,,,,,4,,
705,Immoweb code : 9318768,400000€,Windstraat82850—Boom,Apartmentforsale,129,2,,,No,,,,,4,,As new
706,Immoweb code : 9318435,429000€,Bromeliastraat309040—Gent,Duplexforsale,163,4,Hyper equipped,,No,,,,,2,,Just renovated
707,Immoweb code : 9318944,990000€,1050—Bruxelles|Askfortheexactaddress,Apartmentforsale,,3,USA hyper equipped,,No,,,,,2,No,As new
708,Immoweb code : 9316198,890000€,1180—Uccle|Askfortheexactaddress,Groundfloorforsale,243,3,,,No,,,,,3,Yes,As new
709,Immoweb code : 9316037,1950000€,Sluisstraat153000—Leuven,Apartmentforsale,,14,,,,,,,,,,Good
710,Immoweb code : 9191598,Reserve price : 99000€,Leopoldlaan1358430—Middelkerke,Studioforsale,,1,Installed,,,,,,,,,
711,Immoweb code : 9220217,Reserve price : 130000€,Brusselsesteenweg1659402—Meerbeke,Apartmentforsale,,2,Installed,,,,,,,,,
712,Immoweb code : 9267085,Reserve price : 135000€,DekenAdamsstraat8412300—Turnhout,Apartmentforsale,79,2,Installed,,,,,,,,,
713,Immoweb code : 9276919,Reserve price : 150000€,Baksveld1A-1B2260—Westerlo,Apartmentforsale,,4,Installed,,,,,,,3,,
714,Immoweb code : 9239278,Reserve price : 165000€,PauldeSmetdeNaeyerstraat348430—Middelkerke,Apartmentforsale,,2,Installed,,,,,,,,,
715,Immoweb code : 9263213,Reserve price : 170000€,Grotewinkellaan811853—Strombeek-Bever,Apartmentforsale,,2,Installed,,,,,,,,,
716,Immoweb code : 9274820,Reserve price : 175000€,Elst93300—Tienen,Apartmentforsale,,2,Installed,,,,,,,,,
717,Immoweb code : 9256045,Reserve price : 199000€,GroeneLaan332830—Willebroek,Groundfloorforsale,,2,Installed,,,,,,,2,,
718,Immoweb code : 9292322,415000€,8430—Middelkerke|Askfortheexactaddress,Apartmentforsale,,2,Installed,11,No,,,11,,2,No,As new
719,Immoweb code : 8925441,420000€,Zeedijk-duinbergen303/018300—Knokke,Apartmentforsale,70,2,,,,,,,,,,To be done up
720,Immoweb code : 9276216,425000€,Leopoldlaan1198300—Knokke,Apartmentforsale,77,2,,,,,,,,,No,Good
721,Immoweb code : 8894284,445000€,Ezelstraat62-648000—Brugge,Apartmentforsale,86,3,Hyper equipped,,No,,,,,,No,As new
722,Immoweb code : 8491520,445000€,8434—MiddelkerkeWestende|Askfortheexactaddress,Duplexforsale,125,2,Hyper equipped,,,,,,,,,
723,Immoweb code : 9285663,450000€,AvenueCoghen871180—Uccle,Apartmentforsale,115,2,,10,No,,,,,2,,As new
724,Immoweb code : 9134284,475000€,1000—Bruxelles|Askfortheexactaddress,Triplexforsale,135,2,,,No,,,,,2,No,As new
725,Immoweb code : 9025339,493000€,Kortrijksesteenweg399000—Gent,Apartmentforsale,,2,Hyper equipped,,No,,,,,,No,As new
726,Immoweb code : 9215239,565000€,8300—Knokke-Heist|Askfortheexactaddress,Apartmentforsale,57,2,Hyper equipped,6,,,,,,,,Just renovated
727,Immoweb code : 7314143,565000€,Zeedijk318Box09018430—Westende,Duplexforsale,85,3,,,No,,,,,3,,
728,Immoweb code : 9148647,583000€,Doornzelestraat239000—Gent,Apartmentforsale,128,2,Installed,,No,,,,,2,No,As new
729,Immoweb code : 8241702,590000€,RueRoyale66BoxB7500—Tournai,Apartmentforsale,680,9,,,No,,,,,2,,To renovate
730,Immoweb code : 8828053,630000€,2000—Antwerp|Askfortheexactaddress,Apartmentforsale,101,2,,12,,,,,,,,
731,Immoweb code : 9261051,695000€,7500—Tournai|Askfortheexactaddress,Apartmentforsale,234,3,Installed,25,No,,,,,4,No,As new
732,Immoweb code : 8501999,699000€,Triomflaan2111160—Auderghem,Penthouseforsale,130,2,,38,No,,,,,,,As new
733,Immoweb code : 9245625,700000€,Kapucijnenstraat58Box10.028400—Oostende,Apartmentforsale,92,2,,,Yes,1,1,,,2,,
734,Immoweb code : 9284294,725000€,8800—Rumbeke|Askfortheexactaddress,Apartmentforsale,225,3,,,No,,,,,3,,As new
735,Immoweb code : 9270151,749000€,"Lippenslaan0,8300—Knokke",Apartmentforsale,110,3,,,No,,,,,2,,Good
736,Immoweb code : 8503369,799000€,Triomflaan2111160—Auderghem,Penthouseforsale,164,3,,20,No,,,,,,,As new
737,Immoweb code : 9138738,1650000€,8420—DeHaan|Askfortheexactaddress,Apartmentforsale,242,2,Hyper equipped,,No,,,,,,No,As new
738,Immoweb code : 9251571,1741741€,OudeGentweg1668000—Brugge,Apartmentforsale,400,15,,15,,,,,,3,,
739,Immoweb code : 8976016,1950000€,8300—Knokke|Askfortheexactaddress,Apartmentforsale,202,3,Hyper equipped,,No,,,,,,No,As new
740,Immoweb code : 8385057,3370000€,1050—Ixelles|Askfortheexactaddress,Apartmentforsale,271,3,,132,No,,,,,,No,Just renovated
741,Immoweb code : 8671856,405000€,1970—Wezembeek-Oppem|Askfortheexactaddress,Apartmentforsale,107,3,USA hyper equipped,12,No,,,158,,,No,
742,Immoweb code : 9156393,410000€,1340—Ottignies-Louvain-la-NeuveOttignies|Askfortheexactaddress,Apartmentforsale,107,2,,16,No,,,,,3,,As new
743,Immoweb code : 9288609,415000€,1420—Braine-l'Alleud|Askfortheexactaddress,Penthouseforsale,120,3,Hyper equipped,14,No,,,,,4,No,As new
744,Immoweb code : 8818637,434000€,"Stormestraat57,8790—Waregem",Apartmentforsale,126,3,Installed,26,No,,,,,2,No,As new
745,Immoweb code : 9157271,442000€,1340—Ottignies-Louvain-la-NeuveOttignies|Askfortheexactaddress,Apartmentforsale,108,3,,18,,,,,,2,,As new
746,Immoweb code : 9230692,442500€,Sint-Pietershofstraat689070—Destelbergen,Groundfloorforsale,140,3,Hyper equipped,20,,,,,,3,,As new
747,Immoweb code : 9230693,445000€,Sint-Pietershofstraat689070—Destelbergen,Groundfloorforsale,141,3,Hyper equipped,20,,,,,,3,,As new
748,Immoweb code : 8712323,595000€,1341—Ottignies-Louvain-la-Neuve|Askfortheexactaddress,Apartmentforsale,203,3,Installed,41,No,,,212,,4,No,As new
749,Immoweb code : 9319505,Reserve price : 190000€,Wijgmaalsesteenweg2853020—Herent,Apartmentforsale,80,2,Installed,,,,,,,2,,
750,Immoweb code : 9293081,450000€,8300—Knokke-Heist|Askfortheexactaddress,Groundfloorforsale,72,2,Hyper equipped,,,,,43,,2,,Good
751,Immoweb code : 9294518,595000€,Keizersplein24/109300—Aalst,Apartmentforsale,225,3,,,,,,,,,No,
752,Immoweb code : 9316875,510000€,1050—Ixelles|Askfortheexactaddress,Apartmentforsale,140,3,Installed,,No,,,88,,2,,To be done up
753,Immoweb code : 9209217,Reserve price : 100000€,RueVanSwae371090—Jette,Apartmentforsale,,1,,,,,,,,,,
754,Immoweb code : 9241482,Reserve price : 100000€,Celestijnenlaan6101123001—Heverlee,Studioforsale,,1,,,,,,,,2,,
755,Immoweb code : 9254080,Reserve price : 125000€,RueduFosséauxLoups28D1000—Bruxelles,Apartmentforsale,,2,,,,,,,,,,
756,Immoweb code : 9218792,Reserve price : 140000€,AvenuedelaBasilique371-3751081—Koekelberg,Apartmentforsale,102,2,Installed,,,1,1,,,,,
757,Immoweb code : 9251875,Reserve price : 165000€,Sint-Jacobsnieuwstraat619000—Gent,Apartmentforsale,86,2,,,,,,,,,,
758,Immoweb code : 9241640,Reserve price : 225000€,Statielei2-42140—Antwerp,Duplexforsale,120,2,,,,,,,,2,,
759,Immoweb code : 9246035,Reserve price : 260000€,AvenueLouise3991000—Bruxelles,Apartmentforsale,,2,,,,,,,,,,Good
760,Immoweb code : 8503368,419000€,Triomflaan1160—Auderghem,Apartmentforsale,95,2,,10,No,,,,,,,As new
761,Immoweb code : 8894720,420000€,1190—Forest|Askfortheexactaddress,Duplexforsale,220,2,Hyper equipped,12,No,,,,,2,,
762,Immoweb code : 9171128,440500€,Groenstraat302Box29300—Aalst,Loftforsale,174,3,Hyper equipped,27,,,,,,,,
763,Immoweb code : 9171127,440500€,Groenstraat302Box19300—Aalst,Loftforsale,176,3,Hyper equipped,25,,,,,,,,
764,Immoweb code : 9127448,545000€,Vredestraat1062300—Turnhout,Kotforsale,,14,,,Yes,,,,,2,,Good
765,Immoweb code : 9258893,545000€,LéonSchreursvest71Box03013001—Heverlee,Apartmentforsale,,3,Hyper equipped,39,No,,,,,2,,As new
766,Immoweb code : 8920301,555000€,PieterDerudderstraat1/3.038490—Jabbeke,Apartmentforsale,175,2,,175,No,,,,,,No,
767,Immoweb code : 9259066,570000€,JuliusHostestraat4/018300—Knokke-Heist,Groundfloorforsale,,3,,,,,,,,,,As new
768,Immoweb code : 9016253,670000€,8300—Knokke|Askfortheexactaddress,Apartmentforsale,120,3,Installed,,No,,,,,,No,As new
769,Immoweb code : 9177410,695000€,7500—Tournai|Askfortheexactaddress,Penthouseforsale,398,4,Installed,,No,,,,,,No,As new
770,Immoweb code : 9159164,730000€,Grensstraat1C/03023010—Kessel-Lo,Apartmentforsale,,2,,69,No,,,,,,No,
771,Immoweb code : 8778885,815000€,1000—Bruxelles1|Askfortheexactaddress,Duplexforsale,205,3,Hyper equipped,,No,,,,,3,,
772,Immoweb code : 9221204,890000€,Zeedijk6848300—Knokke-Heist,Apartmentforsale,,2,,,,,,,,,,Just renovated
773,Immoweb code : 8602342,1350000€,1180—Uccle|Askfortheexactaddress,Apartmentforsale,228,3,Not installed,61,No,,,300,,4,,
774,Immoweb code : 9254687,1495000€,KoninginFabiolalaan20/158300—Knokke-Zoute,Apartmentforsale,110,2,,,No,,,,,,No,As new
775,Immoweb code : 8952640,1950000€,1180—Uccle|Askfortheexactaddress,Groundfloorforsale,310,4,Hyper equipped,,,,,1500,,,No,As new
776,Immoweb code : 9030335,1985000€,Kustlaan145/458300—Knokke-Zoute,Apartmentforsale,174,4,,,,,,,,,No,
777,Immoweb code : 8991665,2425000€,Zeedijk-zoute8328300—Knokke-Heist,Apartmentforsale,146,4,,,,,,,,,No,
778,Immoweb code : 9283210,415000€,Tunnelplaats7Box11022000—Antwerpen,Apartmentforsale,,3,Hyper equipped,,No,,,,,,,As new
779,Immoweb code : 9292560,440000€,JefSomersstraat152160—Wommelgem,Penthouseforsale,147,3,,48,No,,,,,,,As new
780,Immoweb code : 9214130,565000€,RuaJardimdaMeiaPraia8600—Lagos,Apartmentforsale,99,2,USA hyper equipped,80,No,,,,,,,
781,Immoweb code : 8973006,1990000€,1180—Uccle|Askfortheexactaddress,Penthouseforsale,234,3,USA hyper equipped,169,No,1,1,,,4,,As new
782,Immoweb code : 9293407,Reserve price : 55000€,PastoorPaquaylaan8553550—Heusden-Zolder,Studioforsale,,,,,,,,,,,,
783,Immoweb code : 9294158,Reserve price : 280000€,Verbindingsweg119920—Lievegem,Apartmentforsale,,2,Installed,,,,,,,,,
784,Immoweb code : 9312305,Reserve price : 230000€,FelicienRopshelling28370—Blankenberge,Apartmentforsale,,1,Installed,,,,,,,,,
785,Immoweb code : 9299507,Reserve price : 135000€,Brouwerijstraat3/669770—Kruisem,Duplexforsale,,2,,,,,,,,,,
786,Immoweb code : 9185207,Reserve price : 60000€,RueRomanieVanDyck511070—Anderlecht,Apartmentforsale,,2,Installed,,,,,,,,,
787,Immoweb code : 9256042,Reserve price : 100000€,PlaceSaint-Josse61210—Saint-Josse-ten-Noode,Duplexforsale,,1,Installed,,,,,,,,,
788,Immoweb code : 9177869,Reserve price : 115000€,VIIde-Olympiadelaan172020—Antwerp,Apartmentforsale,,2,,,,,,,,2,,
789,Immoweb code : 9246064,Reserve price : 122500€,AvenuedesSeptBonniers3211190—Forest,Apartmentforsale,,1,Installed,,,,,,,,,
790,Immoweb code : 9256055,Reserve price : 160000€,Maria-Theresiastraat12/143000—Leuven,Apartmentforsale,,1,Installed,,,,,,,,,
791,Immoweb code : 9281046,Reserve price : 180000€,AvenueduOnzeNovembre191040—Etterbeek,Groundfloorforsale,,2,Installed,,,,,,,,,
792,Immoweb code : 9277599,Reserve price : 220000€,AvenuedelaHéronnière90-921170—Watermael-Boitsfort,Apartmentforsale,,3,Installed,,,,,,,,,
793,Immoweb code : 9238738,Reserve price : 250000€,Bagattenstraat679000—Gent,Apartmentforsale,138,3,Installed,,,,,,,,,
794,Immoweb code : 9279722,Reserve price : 270000€,RuedeStalle931180—Uccle,Groundfloorforsale,,2,Installed,,,,,,,,,
795,Immoweb code : 9209526,405000€,1200—Sint-Lambrechts-Woluwe|Askfortheexactaddress,Apartmentforsale,120,2,Installed,30,No,,,,,2,,Good
796,Immoweb code : 9262176,Reserve price : 430000€,Kammenkouterstraat1bus219310—Meldert,Penthouseforsale,,3,Installed,,,,,,,,,
797,Immoweb code : 9138460,440000€,1200—Woluwe-St-Lambert|Askfortheexactaddress,Apartmentforsale,200,3,,,,,,,,3,,
798,Immoweb code : 9108803,509500€,1640—RHODE-SAINT-GENÈSE|Askfortheexactaddress,Apartmentforsale,135,3,USA hyper equipped,18,No,,,40,,4,,
799,Immoweb code : 8685625,510000€,Zeedijk318Box09028430—Westende,Duplexforsale,87,3,,,No,,,,,3,,
